skuCode,categoryNumber,season,suffix,colorRawCode,materialRawCode,reason
083-WHKHPU,556,9,KHPU,KH,PU,UNKNOWN_COLOR
100105BK,557,2,05BK,05,BK,UNKNOWN_COLOR;UNKNOWN_MATERIAL
100105GY,557,2,05GY,05,GY,UNKNOWN_COLOR;UNKNOWN_MATERIAL
100144BK,557,2,44BK,44,BK,UNKNOWN_COLOR;UNKNOWN_MATERIAL
100144WH,557,2,44WH,44,WH,UNKNOWN_COLOR;UNKNOWN_MATERIAL
100185BK,557,2,85BK,85,BK,UNKNOWN_COLOR;UNKNOWN_MATERIAL
100185DBN,557,2,5DBN,5D,BN,UNKNOWN_COLOR;UNKNOWN_MATERIAL
100295BK,557,2,95BK,95,BK,UNKNOWN_COLOR;UNKNOWN_MATERIAL
100295BN,557,2,95BN,95,BN,UNKNOWN_COLOR;UNKNOWN_MATERIAL
107-2CPME,567,6,CPME,CP,ME,UNKNOWN_COLOR
107-2-CPSP,567,A,CPSP,CP,SP,UNKNOWN_COLOR
1130-102B-GOPU,558,2,GOPU,GO,PU,UNKNOWN_COLOR
1130-102B-KHNU,558,2,KHNU,KH,NU,UNKNOWN_COLOR
1130-145-KHNB,558,4,KHNB,KH,NB,UNKNOWN_COLOR
1130-146-KHPT,558,4,KHPT,KH,PT,UNKNOWN_COLOR
11305-9219-GOSP,558,2,GOSP,GO,SP,UNKNOWN_COLOR
113059-219-GOSP,558,4,GOSP,GO,SP,UNKNOWN_COLOR
11305-9219-LGSP,558,2,LGSP,LG,SP,UNKNOWN_COLOR
113059-219-LGSP,558,4,LGSP,LG,SP,UNKNOWN_COLOR
113059-219-PWSP,558,4,PWSP,PW,SP,UNKNOWN_COLOR
1130-5-BCKPU,558,4,CKPU,CK,PU,UNKNOWN_COLOR
1130-5-BLKPU,558,4,LKPU,LK,PU,UNKNOWN_COLOR
1130-5-CFPU,558,4,CFPU,CF,PU,UNKNOWN_COLOR
1130-5-CHPPU,558,4,HPPU,HP,PU,UNKNOWN_COLOR
1130-5-KHNU,558,2,KHNU,KH,NU,UNKNOWN_COLOR
1130-5-KHPU,558,4,KHPU,KH,PU,UNKNOWN_COLOR
1130-5-PWPU,558,4,PWPU,PW,PU,UNKNOWN_COLOR
1130-5-PWSP,558,4,PWSP,PW,SP,UNKNOWN_COLOR
1130-85-BLKME,558,4,LKME,LK,ME,UNKNOWN_COLOR
1130-85-DCFPU,558,4,CFPU,CF,PU,UNKNOWN_COLOR
1130-85-GOME,558,2,GOME,GO,ME,UNKNOWN_COLOR
1130-85-PTME,558,4,PTME,PT,ME,UNKNOWN_COLOR
1130-85-PWME,558,2,PWME,PW,ME,UNKNOWN_COLOR
1156BK,593,5,56BK,56,BK,UNKNOWN_COLOR;UNKNOWN_MATERIAL
1257CMLNB,557,2,MLNB,ML,NB,UNKNOWN_COLOR
160148BK,556,6,48BK,48,BK,UNKNOWN_COLOR;UNKNOWN_MATERIAL
160148DN,556,6,48DN,48,DN,UNKNOWN_COLOR
160148OFWH,556,6,OFWH,OF,WH,UNKNOWN_COLOR;UNKNOWN_MATERIAL
160151BL,556,2,51BL,51,BL,UNKNOWN_COLOR;UNKNOWN_MATERIAL
160151PK,556,2,51PK,51,PK,UNKNOWN_COLOR;UNKNOWN_MATERIAL
160151WH,556,2,51WH,51,WH,UNKNOWN_COLOR;UNKNOWN_MATERIAL
160153LI,556,2,53LI,53,LI,UNKNOWN_COLOR;UNKNOWN_MATERIAL
160153PK,556,2,53PK,53,PK,UNKNOWN_COLOR;UNKNOWN_MATERIAL
160153WH,556,2,53WH,53,WH,UNKNOWN_COLOR;UNKNOWN_MATERIAL
16111UBE,567,8,1UBE,1U,BE,UNKNOWN_COLOR;UNKNOWN_MATERIAL
16111UBK,567,8,1UBK,1U,BK,UNKNOWN_COLOR;UNKNOWN_MATERIAL
16111UGD,567,8,1UGD,1U,GD,UNKNOWN_COLOR;UNKNOWN_MATERIAL
16111UND,567,8,1UND,1U,ND,UNKNOWN_COLOR;UNKNOWN_MATERIAL
16112UBE,567,8,2UBE,2U,BE,UNKNOWN_COLOR;UNKNOWN_MATERIAL
16112UBK,567,8,2UBK,2U,BK,UNKNOWN_COLOR;UNKNOWN_MATERIAL
16112UND,567,8,2UND,2U,ND,UNKNOWN_COLOR;UNKNOWN_MATERIAL
16112USL,567,8,2USL,2U,SL,UNKNOWN_COLOR;UNKNOWN_MATERIAL
1683KHPU,585,7,KHPU,KH,PU,UNKNOWN_COLOR
1685KHPU,585,7,KHPU,KH,PU,UNKNOWN_COLOR
1686KHPU,585,7,KHPU,KH,PU,UNKNOWN_COLOR
18093E9BK,567,7,E9BK,E9,BK,UNKNOWN_COLOR;UNKNOWN_MATERIAL
18093E9CML,567,7,9CML,9C,ML,UNKNOWN_COLOR;UNKNOWN_MATERIAL
18093E9WH,567,7,E9WH,E9,WH,UNKNOWN_COLOR;UNKNOWN_MATERIAL
1836-9-KHSD,576,C,KHSD,KH,SD,UNKNOWN_COLOR
1890-1A-TPPT,567,2,TPPT,TP,PT,UNKNOWN_COLOR
1895-1B-TPPT,567,2,TPPT,TP,PT,UNKNOWN_COLOR
1895-243CPPU,567,6,CPPU,CP,PU,UNKNOWN_COLOR
2008-WHOLPU,556,1,OLPU,OL,PU,UNKNOWN_COLOR
20133ACHLLTT},558,1,LTT},,,NONSTANDARD_SUFFIX
20262CPTE,567,B,CPTE,CP,TE,UNKNOWN_COLOR
20265CPTE,567,B,CPTE,CP,TE,UNKNOWN_COLOR
20267BKLN,568,8,BKLN,BK,LN,UNKNOWN_MATERIAL
20267GDLN,568,8,GDLN,GD,LN,UNKNOWN_MATERIAL
20267SLLN,568,8,SLLN,SL,LN,UNKNOWN_MATERIAL
20269CPME,585,B,CPME,CP,ME,UNKNOWN_COLOR
220405-BE,567,4,5-BE,,,NONSTANDARD_SUFFIX
220405-BK,567,4,5-BK,,,NONSTANDARD_SUFFIX
220405-TS,567,4,5-TS,,,NONSTANDARD_SUFFIX
22D054CHLBK,558,1,HLBK,HL,BK,UNKNOWN_COLOR;UNKNOWN_MATERIAL
22D054MRLNBR,558,1,LNBR,LN,BR,UNKNOWN_COLOR;UNKNOWN_MATERIAL
22D055BKCHL,558,1,KCHL,KC,HL,UNKNOWN_COLOR;UNKNOWN_MATERIAL
22D055MRLNBR,558,1,LNBR,LN,BR,UNKNOWN_COLOR;UNKNOWN_MATERIAL
22D061BKCHL,558,1,KCHL,KC,HL,UNKNOWN_COLOR;UNKNOWN_MATERIAL
22D061MRLNBR,558,1,LNBR,LN,BR,UNKNOWN_COLOR;UNKNOWN_MATERIAL
23040-L1CHME,568,3,CHME,CH,ME,UNKNOWN_COLOR
2319801BE,568,8,01BE,01,BE,UNKNOWN_COLOR;UNKNOWN_MATERIAL
2319801CA,568,8,01CA,01,CA,UNKNOWN_COLOR;UNKNOWN_MATERIAL
2319801DKBE,568,8,DKBE,DK,BE,UNKNOWN_COLOR;UNKNOWN_MATERIAL
2319801-MVPU,568,2,MVPU,MV,PU,UNKNOWN_COLOR
2319801ND,568,8,01ND,01,ND,UNKNOWN_COLOR;UNKNOWN_MATERIAL
2319X805-CHPU,568,2,CHPU,CH,PU,UNKNOWN_COLOR
2319X805-PWPU,568,2,PWPU,PW,PU,UNKNOWN_COLOR
2326XA8011-CHPU,568,2,CHPU,CH,PU,UNKNOWN_COLOR
2338X801-TPPU,569,2,TPPU,TP,PU,UNKNOWN_COLOR
2338X802-CHPU,569,2,CHPU,CH,PU,UNKNOWN_COLOR
2338X802-DA,568,2,2-DA,,,NONSTANDARD_SUFFIX
2338X802-DAPU,569,2,DAPU,DA,PU,UNKNOWN_COLOR
2338X805-CHPU,569,2,CHPU,CH,PU,UNKNOWN_COLOR
2338X829BE,569,8,29BE,29,BE,UNKNOWN_COLOR;UNKNOWN_MATERIAL
2338X829BK,569,8,29BK,29,BK,UNKNOWN_COLOR;UNKNOWN_MATERIAL
2338X829CA,569,8,29CA,29,CA,UNKNOWN_COLOR;UNKNOWN_MATERIAL
2338X829CHP,569,8,9CHP,9C,HP,UNKNOWN_COLOR;UNKNOWN_MATERIAL
2339XD805-CHPU,568,2,CHPU,CH,PU,UNKNOWN_COLOR
23761UBE,566,8,1UBE,1U,BE,UNKNOWN_COLOR;UNKNOWN_MATERIAL
23761UBK,566,8,1UBK,1U,BK,UNKNOWN_COLOR;UNKNOWN_MATERIAL
23761UND,566,8,1UND,1U,ND,UNKNOWN_COLOR;UNKNOWN_MATERIAL
23761UWH,566,8,1UWH,1U,WH,UNKNOWN_COLOR;UNKNOWN_MATERIAL
23762UBE,566,8,2UBE,2U,BE,UNKNOWN_COLOR;UNKNOWN_MATERIAL
23762UBK,566,8,2UBK,2U,BK,UNKNOWN_COLOR;UNKNOWN_MATERIAL
23762UND,566,8,2UND,2U,ND,UNKNOWN_COLOR;UNKNOWN_MATERIAL
23762UWH,566,8,2UWH,2U,WH,UNKNOWN_COLOR;UNKNOWN_MATERIAL
2401-2CPNB,557,6,CPNB,CP,NB,UNKNOWN_COLOR
2402DBEP,560,6,DBEP,DB,EP,UNKNOWN_COLOR;UNKNOWN_MATERIAL
2403CPNB,557,6,CPNB,CP,NB,UNKNOWN_COLOR
2406CPPU,557,6,CPPU,CP,PU,UNKNOWN_COLOR
2416X801BE,569,8,01BE,01,BE,UNKNOWN_COLOR;UNKNOWN_MATERIAL
2416X801BK,569,8,01BK,01,BK,UNKNOWN_COLOR;UNKNOWN_MATERIAL
2416X801BN,569,8,01BN,01,BN,UNKNOWN_COLOR;UNKNOWN_MATERIAL
2416X801WH,569,8,01WH,01,WH,UNKNOWN_COLOR;UNKNOWN_MATERIAL
2501CPNB,557,6,CPNB,CP,NB,UNKNOWN_COLOR
2501-CPPT,557,A,CPPT,CP,PT,UNKNOWN_COLOR
25611-BECC,558,A,BECC,BE,CC,UNKNOWN_MATERIAL
25611-BKCC,558,A,BKCC,BK,CC,UNKNOWN_MATERIAL
25611-CFCC,568,A,CFCC,CF,CC,UNKNOWN_COLOR;UNKNOWN_MATERIAL
25614-BKCC,568,A,BKCC,BK,CC,UNKNOWN_MATERIAL
25614-CFCC,568,A,CFCC,CF,CC,UNKNOWN_COLOR;UNKNOWN_MATERIAL
25619-MAPT,568,A,MAPT,MA,PT,UNKNOWN_COLOR
2865-BEPRPU,556,1,PRPU,PR,PU,UNKNOWN_COLOR
301-17GDMI,566,2,GDMI,GD,MI,UNKNOWN_MATERIAL
301-17RGMI,566,2,RGMI,RG,MI,UNKNOWN_MATERIAL
301-17SLMI,566,2,SLMI,SL,MI,UNKNOWN_MATERIAL
3036BCK,564,1,6BCK,6B,CK,UNKNOWN_COLOR;UNKNOWN_MATERIAL
3036MQL,564,1,6MQL,6M,QL,UNKNOWN_COLOR;UNKNOWN_MATERIAL
3084BKCHL,564,1,KCHL,KC,HL,UNKNOWN_COLOR;UNKNOWN_MATERIAL
3084-MQPT,564,1,MQPT,MQ,PT,UNKNOWN_COLOR
3084MVCHL,564,1,VCHL,VC,HL,UNKNOWN_COLOR;UNKNOWN_MATERIAL
3089-MQLSU,558,1,QLSU,QL,SU,UNKNOWN_COLOR
3098-10PWGL,585,2,PWGL,PW,GL,UNKNOWN_COLOR
3099BLK,564,1,9BLK,9B,LK,UNKNOWN_COLOR;UNKNOWN_MATERIAL
3099TUL,564,1,9TUL,9T,UL,UNKNOWN_COLOR;UNKNOWN_MATERIAL
31231WN,593,5,31WN,31,WN,UNKNOWN_COLOR;UNKNOWN_MATERIAL
3161CRMBE,564,1,RMBE,RM,BE,UNKNOWN_COLOR;UNKNOWN_MATERIAL
3161CRMBK,564,1,RMBK,RM,BK,UNKNOWN_COLOR;UNKNOWN_MATERIAL
3161CRMNV,564,1,RMNV,RM,NV,UNKNOWN_COLOR;UNKNOWN_MATERIAL
353709-LPLT,566,B,LPLT,LP,LT,UNKNOWN_COLOR
3618BK,591,5,18BK,18,BK,UNKNOWN_COLOR;UNKNOWN_MATERIAL
364905-LPLT,556,A,LPLT,LP,LT,UNKNOWN_COLOR
370201-CGLT,558,9,CGLT,CG,LT,UNKNOWN_COLOR
371102-CGLT,593,9,CGLT,CG,LT,UNKNOWN_COLOR
372027-LISD,577,3,LISD,LI,SD,UNKNOWN_COLOR
372033-MSSD,577,3,MSSD,MS,SD,UNKNOWN_COLOR
379043-MSSD,577,3,MSSD,MS,SD,UNKNOWN_COLOR
379043-MVSD,577,3,MVSD,MV,SD,UNKNOWN_COLOR
379051-KHPU,577,3,KHPU,KH,PU,UNKNOWN_COLOR
4001-1-RSPU,567,A,RSPU,RS,PU,UNKNOWN_COLOR
4003-2CPME,567,6,CPME,CP,ME,UNKNOWN_COLOR
505-1-RSPU,567,A,RSPU,RS,PU,UNKNOWN_COLOR
52310-1-RSPU,566,A,RSPU,RS,PU,UNKNOWN_COLOR
52310-2-PWPU,566,A,PWPU,PW,PU,UNKNOWN_COLOR
52310-4-RSSP,566,A,RSSP,RS,SP,UNKNOWN_COLOR
5506KHPT,568,8,KHPT,KH,PT,UNKNOWN_COLOR
59010-4-CFNB,567,A,CFNB,CF,NB,UNKNOWN_COLOR
59010-4-KHNB,567,A,KHNB,KH,NB,UNKNOWN_COLOR
6036D2BE,558,8,D2BE,D2,BE,UNKNOWN_COLOR;UNKNOWN_MATERIAL
6036D2BK,558,8,D2BK,D2,BK,UNKNOWN_COLOR;UNKNOWN_MATERIAL
6036D2BL,558,8,D2BL,D2,BL,UNKNOWN_COLOR;UNKNOWN_MATERIAL
6036D2PK,558,8,D2PK,D2,PK,UNKNOWN_COLOR;UNKNOWN_MATERIAL
6060402BE,558,8,02BE,02,BE,UNKNOWN_COLOR;UNKNOWN_MATERIAL
6060402BG,558,8,02BG,02,BG,UNKNOWN_COLOR;UNKNOWN_MATERIAL
6060402BK,558,8,02BK,02,BK,UNKNOWN_COLOR;UNKNOWN_MATERIAL
6060402BN,558,8,02BN,02,BN,UNKNOWN_COLOR;UNKNOWN_MATERIAL
6060407BK,558,8,07BK,07,BK,UNKNOWN_COLOR;UNKNOWN_MATERIAL
6060407BN,558,8,07BN,07,BN,UNKNOWN_COLOR;UNKNOWN_MATERIAL
6060407CA,558,8,07CA,07,CA,UNKNOWN_COLOR;UNKNOWN_MATERIAL
6060407LI,558,8,07LI,07,LI,UNKNOWN_COLOR;UNKNOWN_MATERIAL
6060408BK,558,8,08BK,08,BK,UNKNOWN_COLOR;UNKNOWN_MATERIAL
6060408BZ,558,8,08BZ,08,BZ,UNKNOWN_COLOR;UNKNOWN_MATERIAL
6060408CHP,558,8,8CHP,8C,HP,UNKNOWN_COLOR;UNKNOWN_MATERIAL
6060408OFWH,558,8,OFWH,OF,WH,UNKNOWN_COLOR;UNKNOWN_MATERIAL
697HYDRA61BK,585,7,61BK,61,BK,UNKNOWN_COLOR;UNKNOWN_MATERIAL
697HYDRA61TN,585,7,61TN,61,TN,UNKNOWN_COLOR;UNKNOWN_MATERIAL
706-1-RSPU,567,B,RSPU,RS,PU,UNKNOWN_COLOR
706-2-RSPU,567,A,RSPU,RS,PU,UNKNOWN_COLOR
7460Y-LPNB,560,8,LPNB,LP,NB,UNKNOWN_COLOR
752MAGGIORE61BK,585,6,61BK,61,BK,UNKNOWN_COLOR;UNKNOWN_MATERIAL
752MAGGIORE61GD,585,6,61GD,61,GD,UNKNOWN_COLOR;UNKNOWN_MATERIAL
752MAGGIORE61SL,585,6,61SL,61,SL,UNKNOWN_COLOR;UNKNOWN_MATERIAL
7551BLKPU,556,8,LKPU,LK,PU,UNKNOWN_COLOR
7559PRTX,556,8,PRTX,PR,TX,UNKNOWN_COLOR
7572KHPU,556,8,KHPU,KH,PU,UNKNOWN_COLOR
77716KHNB,556,8,KHNB,KH,NB,UNKNOWN_COLOR
789-1A-LVPU,567,2,LVPU,LV,PU,UNKNOWN_COLOR
789-1A-OGPT,567,2,OGPT,OG,PT,UNKNOWN_COLOR
789-1A-TPPT,567,2,TPPT,TP,PT,UNKNOWN_COLOR
809KHTE,556,7,KHTE,KH,TE,UNKNOWN_COLOR
8277BK,592,5,77BK,77,BK,UNKNOWN_COLOR;UNKNOWN_MATERIAL
8406-2TAPU,592,2,TAPU,TA,PU,UNKNOWN_COLOR
8406-3TAPU,592,2,TAPU,TA,PU,UNKNOWN_COLOR
8406-4TAPU,592,2,TAPU,TA,PU,UNKNOWN_COLOR
870-1021-1-CFPU,591,C,CFPU,CF,PU,UNKNOWN_COLOR
870-116-CFPU,592,C,CFPU,CF,PU,UNKNOWN_COLOR
881-1-CMLNB,558,4,MLNB,ML,NB,UNKNOWN_COLOR
882-3-CMLNB,558,4,MLNB,ML,NB,UNKNOWN_COLOR
925A-1-RSPU,566,A,RSPU,RS,PU,UNKNOWN_COLOR
93048NV,557,2,48NV,48,NV,UNKNOWN_COLOR;UNKNOWN_MATERIAL
93048RD,557,2,48RD,48,RD,UNKNOWN_COLOR;UNKNOWN_MATERIAL
98201-1TANB,568,2,TANB,TA,NB,UNKNOWN_COLOR
99468-1TANB,568,2,TANB,TA,NB,UNKNOWN_COLOR
99483-ACPGL,568,6,CPGL,CP,GL,UNKNOWN_COLOR
99881BK,592,5,81BK,81,BK,UNKNOWN_COLOR;UNKNOWN_MATERIAL
99882BK,592,5,82BK,82,BK,UNKNOWN_COLOR;UNKNOWN_MATERIAL
99882BN,592,5,82BN,82,BN,UNKNOWN_COLOR;UNKNOWN_MATERIAL
99882KH,592,5,82KH,82,KH,UNKNOWN_COLOR;UNKNOWN_MATERIAL
A105APPU,556,8,APPU,AP,PU,UNKNOWN_COLOR
A113APPU,556,8,APPU,AP,PU,UNKNOWN_COLOR
A116-TPPU,564,9,TPPU,TP,PU,UNKNOWN_COLOR
A123-BKMH,567,9,BKMH,BK,MH,UNKNOWN_MATERIAL
A123-RGMH,567,9,RGMH,RG,MH,UNKNOWN_MATERIAL
A123-SLMH,567,9,SLMH,SL,MH,UNKNOWN_MATERIAL
A125-BKMH,567,9,BKMH,BK,MH,UNKNOWN_MATERIAL
A125-GDMH,567,9,GDMH,GD,MH,UNKNOWN_MATERIAL
A125-SLMH,567,9,SLMH,SL,MH,UNKNOWN_MATERIAL
A51APPU,556,7,APPU,AP,PU,UNKNOWN_COLOR
A51VLPU,556,7,VLPU,VL,PU,UNKNOWN_COLOR
A69KHPU,556,7,KHPU,KH,PU,UNKNOWN_COLOR
A98KHSD,556,5,KHSD,KH,SD,UNKNOWN_COLOR
AF0737-CPPU,566,3,CPPU,CP,PU,UNKNOWN_COLOR
AF1507-11CPPU,568,3,CPPU,CP,PU,UNKNOWN_COLOR
AF1773-369-TPPU,557,6,TPPU,TP,PU,UNKNOWN_COLOR
AF1773-380CTPPT,557,8,TPPT,TP,PT,UNKNOWN_COLOR
AF1773-380-TPPT,557,6,TPPT,TP,PT,UNKNOWN_COLOR
AF1773-380TPPT,557,3,TPPT,TP,PT,UNKNOWN_COLOR
AF1773-380-TPPU,557,8,TPPU,TP,PU,UNKNOWN_COLOR
AF3111-1-CPPU,566,6,CPPU,CP,PU,UNKNOWN_COLOR
AF3111-1CPPU,567,3,CPPU,CP,PU,UNKNOWN_COLOR
AF3111-670-CPSA,567,6,CPSA,CP,SA,UNKNOWN_COLOR
AF3111-670CPSA,567,3,CPSA,CP,SA,UNKNOWN_COLOR
AF3111-670PRSA,567,3,PRSA,PR,SA,UNKNOWN_COLOR
AF3111-CPSP,566,A,CPSP,CP,SP,UNKNOWN_COLOR
AF5019-61YLPU,568,3,YLPU,YL,PU,UNKNOWN_COLOR
AF542-123-CPME,567,6,CPME,CP,ME,UNKNOWN_COLOR
AF542-123CPME,567,3,CPME,CP,ME,UNKNOWN_COLOR
AF8656-359-CPSA,566,6,CPSA,CP,SA,UNKNOWN_COLOR
AF8867-562CPPU,567,3,CPPU,CP,PU,UNKNOWN_COLOR
ALI6CMLPU,567,2,MLPU,ML,PU,UNKNOWN_COLOR
ALI-6-IVPU,567,4,IVPU,IV,PU,UNKNOWN_COLOR
AMAZONA035-TPPU,576,1,TPPU,TP,PU,UNKNOWN_COLOR
AMAZONA059-CFPU,558,6,CFPU,CF,PU,UNKNOWN_COLOR
AMENITY35KBE,596,1,5KBE,5K,BE,UNKNOWN_COLOR;UNKNOWN_MATERIAL
AMENITY35KBK,596,1,5KBK,5K,BK,UNKNOWN_COLOR;UNKNOWN_MATERIAL
AMENITY35KCHP,596,1,KCHP,KC,HP,UNKNOWN_COLOR;UNKNOWN_MATERIAL
AMENITY35KSL,596,1,5KSL,5K,SL,UNKNOWN_COLOR;UNKNOWN_MATERIAL
AMENITY35KWH,596,1,5KWH,5K,WH,UNKNOWN_COLOR;UNKNOWN_MATERIAL
ANIYA-62-TPNB,557,1,TPNB,TP,NB,UNKNOWN_COLOR
ANNA-21-MVTE,557,7,MVTE,MV,TE,UNKNOWN_COLOR
ANNA-51K-BSTE,597,7,BSTE,BS,TE,UNKNOWN_COLOR
ANNA-54-MVTE,557,1,MVTE,MV,TE,UNKNOWN_COLOR
ARIANA150PKGD,586,7,PKGD,PK,GD,UNKNOWN_MATERIAL
ATLANTIC07BK,593,3,07BK,07,BK,UNKNOWN_COLOR;UNKNOWN_MATERIAL
ATLANTIC07BN,593,3,07BN,07,BN,UNKNOWN_COLOR;UNKNOWN_MATERIAL
B07BE,556,3,07BE,07,BE,UNKNOWN_COLOR;UNKNOWN_MATERIAL
B07BLK,556,3,7BLK,7B,LK,UNKNOWN_COLOR;UNKNOWN_MATERIAL
B07BRN,556,3,7BRN,7B,RN,UNKNOWN_COLOR;UNKNOWN_MATERIAL
B07GN,556,3,07GN,07,GN,UNKNOWN_COLOR;UNKNOWN_MATERIAL
B07PK,556,3,07PK,07,PK,UNKNOWN_COLOR;UNKNOWN_MATERIAL
B07WHT,556,3,7WHT,7W,HT,UNKNOWN_COLOR;UNKNOWN_MATERIAL
B08BE,556,2,08BE,08,BE,UNKNOWN_COLOR;UNKNOWN_MATERIAL
B08BLK,556,2,8BLK,8B,LK,UNKNOWN_COLOR;UNKNOWN_MATERIAL
B08WH,556,2,08WH,08,WH,UNKNOWN_COLOR;UNKNOWN_MATERIAL
B10WH,556,2,10WH,10,WH,UNKNOWN_COLOR;UNKNOWN_MATERIAL
B76-TANU,568,2,TANU,TA,NU,UNKNOWN_COLOR
B77-A-TAPT,568,2,TAPT,TA,PT,UNKNOWN_COLOR
BDG7191BK,566,6,91BK,91,BK,UNKNOWN_COLOR;UNKNOWN_MATERIAL
BDG7191ND,566,6,91ND,91,ND,UNKNOWN_COLOR;UNKNOWN_MATERIAL
BDG7969OGSD,567,6,OGSD,OG,SD,UNKNOWN_COLOR
BDG7969PRSD,567,6,PRSD,PR,SD,UNKNOWN_COLOR
BDSL8799CMLPU,576,7,MLPU,ML,PU,UNKNOWN_COLOR
BELL-SLIPPT,568,6,IPPT,IP,PT,UNKNOWN_COLOR
BETTA120BE,567,7,20BE,20,BE,UNKNOWN_COLOR;UNKNOWN_MATERIAL
BETTA120WH,567,7,20WH,20,WH,UNKNOWN_COLOR;UNKNOWN_MATERIAL
BETTY-48-SLCH,567,7,SLCH,SL,CH,UNKNOWN_MATERIAL
BF62IVTE,568,B,IVTE,IV,TE,UNKNOWN_COLOR
BFX8733CPPU,567,6,CPPU,CP,PU,UNKNOWN_COLOR
BG-22A-KHNU,558,2,KHNU,KH,NU,UNKNOWN_COLOR
BG27-11MAPT,568,A,MAPT,MA,PT,UNKNOWN_COLOR
BG27-19KHPU,558,6,KHPU,KH,PU,UNKNOWN_COLOR
BG27-19PRPU,558,6,PRPU,PR,PU,UNKNOWN_COLOR
BG27-1CPGL,568,6,CPGL,CP,GL,UNKNOWN_COLOR
BG27-1-CPSP,568,A,CPSP,CP,SP,UNKNOWN_COLOR
BG27-20KHPU,558,6,KHPU,KH,PU,UNKNOWN_COLOR
BG27-26CPPU,567,6,CPPU,CP,PU,UNKNOWN_COLOR
BG27-28CPGL,567,6,CPGL,CP,GL,UNKNOWN_COLOR
BG27-28-CPSP,567,A,CPSP,CP,SP,UNKNOWN_COLOR
BG27-3-CPSP,568,A,CPSP,CP,SP,UNKNOWN_COLOR
BG27-4MAPT,568,A,MAPT,MA,PT,UNKNOWN_COLOR
BG27-6BOPU,568,B,BOPU,BO,PU,UNKNOWN_COLOR
BG27-8MAPT,568,A,MAPT,MA,PT,UNKNOWN_COLOR
BG27-9MAPT,568,A,MAPT,MA,PT,UNKNOWN_COLOR
BG47-1-KHNU,558,2,KHNU,KH,NU,UNKNOWN_COLOR
BG-49A-TANU,558,2,TANU,TA,NU,UNKNOWN_COLOR
BG-51C-TANU,568,2,TANU,TA,NU,UNKNOWN_COLOR
BG52-A-TANU,558,2,TANU,TA,NU,UNKNOWN_COLOR
BG-5A-KHNU,558,2,KHNU,KH,NU,UNKNOWN_COLOR
BG630-17-KHNB,557,B,KHNB,KH,NB,UNKNOWN_COLOR
BG630-22-KHPU,585,B,KHPU,KH,PU,UNKNOWN_COLOR
BG720-1TAPT,564,2,TAPT,TA,PT,UNKNOWN_COLOR
BG720-5TPPT,568,4,TPPT,TP,PT,UNKNOWN_COLOR
BG-73C-BONU,567,4,BONU,BO,NU,UNKNOWN_COLOR
BG-73C-RENU,567,4,RENU,RE,NU,UNKNOWN_COLOR
BG-79C-TANU,568,2,TANU,TA,NU,UNKNOWN_COLOR
BG807-RSPL,568,A,RSPL,RS,PL,UNKNOWN_COLOR
BG822-CFPU,568,B,CFPU,CF,PU,UNKNOWN_COLOR
BG823-11-CFSP,567,A,CFSP,CF,SP,UNKNOWN_COLOR
BG823-14-CFSP,566,A,CFSP,CF,SP,UNKNOWN_COLOR
BG823-15-KHPU,567,A,KHPU,KH,PU,UNKNOWN_COLOR
BG823-24-KHPU,568,A,KHPU,KH,PU,UNKNOWN_COLOR
BG823-25-KHPU,568,A,KHPU,KH,PU,UNKNOWN_COLOR
BG823-29-KHPU,585,B,KHPU,KH,PU,UNKNOWN_COLOR
BG823-7-KHPU,568,A,KHPU,KH,PU,UNKNOWN_COLOR
BG-83C-TANU,568,2,TANU,TA,NU,UNKNOWN_COLOR
BG-86A-TANU,558,2,TANU,TA,NU,UNKNOWN_COLOR
BG8-8-CFPU,567,C,CFPU,CF,PU,UNKNOWN_COLOR
BG-B47-REPT,557,2,REPT,RE,PT,UNKNOWN_COLOR
BG-B47-TAPT,557,2,TAPT,TA,PT,UNKNOWN_COLOR
BG-B49-GOME,557,2,GOME,GO,ME,UNKNOWN_COLOR
BG-B49-REPT,557,2,REPT,RE,PT,UNKNOWN_COLOR
BG-B49-SIME,557,2,SIME,SI,ME,UNKNOWN_COLOR
BG-B54-GOME,557,2,GOME,GO,ME,UNKNOWN_COLOR
BG-B54-SIME,557,2,SIME,SI,ME,UNKNOWN_COLOR
BG-B62-TANU,564,2,TANU,TA,NU,UNKNOWN_COLOR
BG-B63-TANU,564,2,TANU,TA,NU,UNKNOWN_COLOR
BG-B68-DAPT,557,2,DAPT,DA,PT,UNKNOWN_COLOR
BG-B68-GOGL,557,4,GOGL,GO,GL,UNKNOWN_COLOR
BG-B68-REPT,557,4,REPT,RE,PT,UNKNOWN_COLOR
BG-B68-SIGL,557,2,SIGL,SI,GL,UNKNOWN_COLOR
BG-B7-GOGL,557,4,GOGL,GO,GL,UNKNOWN_COLOR
BG-B7-SIGL,557,4,SIGL,SI,GL,UNKNOWN_COLOR
BG-N1TQSA,567,6,TQSA,TQ,SA,UNKNOWN_COLOR
BG-N2CPGL,567,6,CPGL,CP,GL,UNKNOWN_COLOR
BHY8910CMLPU,569,7,MLPU,ML,PU,UNKNOWN_COLOR
BK7505KHPU,567,B,KHPU,KH,PU,UNKNOWN_COLOR
BK7508APPU,567,B,APPU,AP,PU,UNKNOWN_COLOR
BLAZZ-RSGL,596,1,RSGL,RS,GL,UNKNOWN_COLOR
BLINGLOOPED-BKP,557,3,-BKP,,,NONSTANDARD_SUFFIX
BLINGLOOPED-BLT,557,3,-BLT,,,NONSTANDARD_SUFFIX
BLINGSLOPED-BES,557,3,-BES,,,NONSTANDARD_SUFFIX
BLINGSLOPED-BKS,557,3,-BKS,,,NONSTANDARD_SUFFIX
BLINGSLOPED-BSS,557,3,-BSS,,,NONSTANDARD_SUFFIX
BLOOMY-BSPT,557,3,BSPT,BS,PT,UNKNOWN_COLOR
BO226CPGT,566,A,CPGT,CP,GT,UNKNOWN_COLOR
BOWBOW-BSGL,597,1,BSGL,BS,GL,UNKNOWN_COLOR
BQC7586CPPU,568,6,CPPU,CP,PU,UNKNOWN_COLOR
BROOKLYN1BE,576,1,N1BE,N1,BE,UNKNOWN_COLOR;UNKNOWN_MATERIAL
BROOKLYN1BK,576,2,N1BK,N1,BK,UNKNOWN_COLOR;UNKNOWN_MATERIAL
BROOKLYN-1-LVPL,576,2,LVPL,LV,PL,UNKNOWN_COLOR
BSHX8950CMLPU,558,6,MLPU,ML,PU,UNKNOWN_COLOR
BSHX8950OLPU,558,6,OLPU,OL,PU,UNKNOWN_COLOR
BSMIABK,556,6,IABK,IA,BK,UNKNOWN_COLOR;UNKNOWN_MATERIAL
BSMIANV,556,6,IANV,IA,NV,UNKNOWN_COLOR;UNKNOWN_MATERIAL
BSMIAWH,556,6,IAWH,IA,WH,UNKNOWN_COLOR;UNKNOWN_MATERIAL
BURTON-7-CPGL,573,2,CPGL,CP,GL,UNKNOWN_COLOR
BYANKAGD,585,2,KAGD,KA,GD,UNKNOWN_COLOR;UNKNOWN_MATERIAL
C20BK,567,5,20BK,20,BK,UNKNOWN_COLOR;UNKNOWN_MATERIAL
C22CPGT,567,A,CPGT,CP,GT,UNKNOWN_COLOR
C35BK,567,5,35BK,35,BK,UNKNOWN_COLOR;UNKNOWN_MATERIAL
CAKE-SLIPSNBPU,567,6,NBPU,NB,PU,UNKNOWN_COLOR
CAKE-SLPPU,567,6,LPPU,LP,PU,UNKNOWN_COLOR
CARINBK,556,2,INBK,IN,BK,UNKNOWN_COLOR;UNKNOWN_MATERIAL
CARINRSGD,556,2,RSGD,RS,GD,UNKNOWN_COLOR;UNKNOWN_MATERIAL
CARINSL,556,2,INSL,IN,SL,UNKNOWN_COLOR;UNKNOWN_MATERIAL
CARMIBK,556,2,MIBK,MI,BK,UNKNOWN_COLOR;UNKNOWN_MATERIAL
CARMISL,556,2,MISL,MI,SL,UNKNOWN_COLOR;UNKNOWN_MATERIAL
CARRYBK,556,2,RYBK,RY,BK,UNKNOWN_COLOR;UNKNOWN_MATERIAL
CARRYSL,556,2,RYSL,RY,SL,UNKNOWN_COLOR;UNKNOWN_MATERIAL
CB-009-CFPU,585,C,CFPU,CF,PU,UNKNOWN_COLOR
CB-01-CHGL,588,2,CHGL,CH,GL,UNKNOWN_COLOR
CB-01-PWGL,588,3,PWGL,PW,GL,UNKNOWN_COLOR
CB230220-2TSPU,580,5,TSPU,TS,PU,UNKNOWN_COLOR
CB230414-2-BKMI,585,3,BKMI,BK,MI,UNKNOWN_MATERIAL
CB230414-2-RGMI,585,3,RGMI,RG,MI,UNKNOWN_MATERIAL
CB230414-2-SLMI,585,3,SLMI,SL,MI,UNKNOWN_MATERIAL
CB230427-5-BKMI,585,8,BKMI,BK,MI,UNKNOWN_MATERIAL
CB230427-5-GDMI,585,8,GDMI,GD,MI,UNKNOWN_MATERIAL
CB230427-5-RSMI,585,8,RSMI,RS,MI,UNKNOWN_COLOR;UNKNOWN_MATERIAL
CB230427-5-SLMI,585,3,SLMI,SL,MI,UNKNOWN_MATERIAL
CB241031-1BKCC,585,B,BKCC,BK,CC,UNKNOWN_MATERIAL
CB241031-1BNCC,585,B,BNCC,BN,CC,UNKNOWN_MATERIAL
CB241031-1WHCC,585,B,WHCC,WH,CC,UNKNOWN_MATERIAL
CB-660-TANU,588,3,TANU,TA,NU,UNKNOWN_COLOR
CB-9004-CFPU,585,C,CFPU,CF,PU,UNKNOWN_COLOR
CD230721-3RSGL,585,5,RSGL,RS,GL,UNKNOWN_COLOR
CD230725-2RSGL,585,8,RSGL,RS,GL,UNKNOWN_COLOR
CHANBK,585,2,ANBK,AN,BK,UNKNOWN_COLOR;UNKNOWN_MATERIAL
CHANWH,585,2,ANWH,AN,WH,UNKNOWN_COLOR;UNKNOWN_MATERIAL
CHESTERS-BETN,586,5,BETN,BE,TN,UNKNOWN_MATERIAL
CHIEF60BOPU,558,1,BOPU,BO,PU,UNKNOWN_COLOR
CHUKAR-SNUTSD,592,6,UTSD,UT,SD,UNKNOWN_COLOR
CIC318CPPT,559,8,CPPT,CP,PT,UNKNOWN_COLOR
CIC319APPT,559,8,APPT,AP,PT,UNKNOWN_COLOR
CIC341APPU,567,A,APPU,AP,PU,UNKNOWN_COLOR
CIC363APPU,568,8,APPU,AP,PU,UNKNOWN_COLOR
CINDY663BK,567,6,63BK,63,BK,UNKNOWN_COLOR;UNKNOWN_MATERIAL
CINDY663FU,567,6,63FU,63,FU,UNKNOWN_COLOR;UNKNOWN_MATERIAL
CINDY663WH,567,6,63WH,63,WH,UNKNOWN_COLOR;UNKNOWN_MATERIAL
CIRCLY-SKPU,580,1,SKPU,SK,PU,UNKNOWN_COLOR
CL03-C-BKCC,566,A,BKCC,BK,CC,UNKNOWN_MATERIAL
CL03-C-MACC,566,A,MACC,MA,CC,UNKNOWN_COLOR;UNKNOWN_MATERIAL
CL116-DBPT,558,4,DBPT,DB,PT,UNKNOWN_COLOR
CL184-BKCC,576,4,BKCC,BK,CC,UNKNOWN_MATERIAL
CL184-TNCC,576,4,TNCC,TN,CC,UNKNOWN_MATERIAL
CL195-C-MAPT,568,A,MAPT,MA,PT,UNKNOWN_COLOR
CL47-BOPT,576,4,BOPT,BO,PT,UNKNOWN_COLOR
CLANE-CGPU,596,1,CGPU,CG,PU,UNKNOWN_COLOR
CLEEN-BSHL,597,1,BSHL,BS,HL,UNKNOWN_COLOR;UNKNOWN_MATERIAL
CLEEN-CEHL,597,1,CEHL,CE,HL,UNKNOWN_COLOR;UNKNOWN_MATERIAL
CLEEN-OBHL,597,1,OBHL,OB,HL,UNKNOWN_COLOR;UNKNOWN_MATERIAL
CLOVER-BKHL,564,3,BKHL,BK,HL,UNKNOWN_MATERIAL
CLOVER-FUHL,564,3,FUHL,FU,HL,UNKNOWN_MATERIAL
CLOVER-TNHL,564,3,TNHL,TN,HL,UNKNOWN_MATERIAL
CORFU304GY,568,7,04GY,04,GY,UNKNOWN_COLOR;UNKNOWN_MATERIAL
CORIEL-MTTE,596,1,MTTE,MT,TE,UNKNOWN_COLOR
CRISTALBBK,597,6,LBBK,LB,BK,UNKNOWN_COLOR;UNKNOWN_MATERIAL
CRISTALPKBK,597,6,PKBK,PK,BK,UNKNOWN_MATERIAL
CRUMBY02BK,556,1,02BK,02,BK,UNKNOWN_COLOR;UNKNOWN_MATERIAL
CRUZ-1KDMPU,597,5,DMPU,DM,PU,UNKNOWN_COLOR
CT230412-6RSGL,586,5,RSGL,RS,GL,UNKNOWN_COLOR
CTL24012314JNTL,586,7,JNTL,JN,TL,UNKNOWN_COLOR;UNKNOWN_MATERIAL
CUSHION-07-RSTE,556,1,RSTE,RS,TE,UNKNOWN_COLOR
CX230717-1GDME5,585,5,DME5,DM,E5,UNKNOWN_COLOR;UNKNOWN_MATERIAL
CX230717-1JNDN,588,6,JNDN,JN,DN,UNKNOWN_COLOR
CX230717-1JNDN5,585,5,NDN5,ND,N5,UNKNOWN_MATERIAL
CX250137-29CPGL,585,C,CPGL,CP,GL,UNKNOWN_COLOR
CXC-001-TAPU,585,2,TAPU,TA,PU,UNKNOWN_COLOR
CZRILLBL,589,2,LLBL,LL,BL,UNKNOWN_COLOR;UNKNOWN_MATERIAL
CZRILLGN,589,2,LLGN,LL,GN,UNKNOWN_COLOR;UNKNOWN_MATERIAL
D103ABE,593,1,3ABE,3A,BE,UNKNOWN_COLOR;UNKNOWN_MATERIAL
D103ABK,593,5,3ABK,3A,BK,UNKNOWN_COLOR;UNKNOWN_MATERIAL
D103ACML,593,1,ACML,AC,ML,UNKNOWN_COLOR;UNKNOWN_MATERIAL
D117BE,593,1,17BE,17,BE,UNKNOWN_COLOR;UNKNOWN_MATERIAL
D117BK,593,1,17BK,17,BK,UNKNOWN_COLOR;UNKNOWN_MATERIAL
D117CML,593,1,7CML,7C,ML,UNKNOWN_COLOR;UNKNOWN_MATERIAL
D19BLK,556,1,9BLK,9B,LK,UNKNOWN_COLOR;UNKNOWN_MATERIAL
D19BSH,556,1,9BSH,9B,SH,UNKNOWN_COLOR;UNKNOWN_MATERIAL
D2787BE,591,5,87BE,87,BE,UNKNOWN_COLOR;UNKNOWN_MATERIAL
D2787BK,591,5,87BK,87,BK,UNKNOWN_COLOR;UNKNOWN_MATERIAL
D2787BN,591,5,87BN,87,BN,UNKNOWN_COLOR;UNKNOWN_MATERIAL
D322KHPU,567,B,KHPU,KH,PU,UNKNOWN_COLOR
D602640BE,558,8,40BE,40,BE,UNKNOWN_COLOR;UNKNOWN_MATERIAL
D602640BK,558,8,40BK,40,BK,UNKNOWN_COLOR;UNKNOWN_MATERIAL
D602640BL,558,8,40BL,40,BL,UNKNOWN_COLOR;UNKNOWN_MATERIAL
D602640OFWH,558,8,OFWH,OF,WH,UNKNOWN_COLOR;UNKNOWN_MATERIAL
D609054BE,558,8,54BE,54,BE,UNKNOWN_COLOR;UNKNOWN_MATERIAL
D609054BK,558,8,54BK,54,BK,UNKNOWN_COLOR;UNKNOWN_MATERIAL
D609054KH,558,8,54KH,54,KH,UNKNOWN_COLOR;UNKNOWN_MATERIAL
D609054PK,558,8,54PK,54,PK,UNKNOWN_COLOR;UNKNOWN_MATERIAL
D609058BE,558,8,58BE,58,BE,UNKNOWN_COLOR;UNKNOWN_MATERIAL
D609058BK,558,8,58BK,58,BK,UNKNOWN_COLOR;UNKNOWN_MATERIAL
D609058OFWH,558,8,OFWH,OF,WH,UNKNOWN_COLOR;UNKNOWN_MATERIAL
D609058SL,558,8,58SL,58,SL,UNKNOWN_COLOR;UNKNOWN_MATERIAL
DAISEYGD,566,2,EYGD,EY,GD,UNKNOWN_COLOR;UNKNOWN_MATERIAL
DAISEYSL,566,2,EYSL,EY,SL,UNKNOWN_COLOR;UNKNOWN_MATERIAL
DALLASRSGD,566,2,RSGD,RS,GD,UNKNOWN_COLOR;UNKNOWN_MATERIAL
DALLASSL,566,2,ASSL,AS,SL,UNKNOWN_COLOR;UNKNOWN_MATERIAL
DANA-9-CHNB,568,1,CHNB,CH,NB,UNKNOWN_COLOR
DANA-9-CPMT,568,1,CPMT,CP,MT,UNKNOWN_COLOR
DANA-9-TPNB,568,1,TPNB,TP,NB,UNKNOWN_COLOR
DARCIE1BK,568,1,E1BK,E1,BK,UNKNOWN_COLOR;UNKNOWN_MATERIAL
DARCIE1CHP,568,1,1CHP,1C,HP,UNKNOWN_MATERIAL
DARCIE1SL,568,1,E1SL,E1,SL,UNKNOWN_COLOR;UNKNOWN_MATERIAL
DARCIE1TP,568,1,E1TP,E1,TP,UNKNOWN_COLOR;UNKNOWN_MATERIAL
DEEN-BSPU,596,1,BSPU,BS,PU,UNKNOWN_COLOR
DEL1PK,556,7,L1PK,L1,PK,UNKNOWN_COLOR;UNKNOWN_MATERIAL
DELIA1BK,567,1,A1BK,A1,BK,UNKNOWN_COLOR;UNKNOWN_MATERIAL
DELIA1SL,567,1,A1SL,A1,SL,UNKNOWN_COLOR;UNKNOWN_MATERIAL
DELIA1TN,567,1,A1TN,A1,TN,UNKNOWN_COLOR;UNKNOWN_MATERIAL
DELIA6BK,567,1,A6BK,A6,BK,UNKNOWN_COLOR;UNKNOWN_MATERIAL
DELIA6TN,567,1,A6TN,A6,TN,UNKNOWN_COLOR;UNKNOWN_MATERIAL
DELVA-MTPT,597,1,MTPT,MT,PT,UNKNOWN_COLOR
DELVA-MTTE,597,1,MTTE,MT,TE,UNKNOWN_COLOR
DESIGN-18-CPGL,565,1,CPGL,CP,GL,UNKNOWN_COLOR
DF707RSTE,562,7,RSTE,RS,TE,UNKNOWN_COLOR
DF875BE,557,5,75BE,75,BE,UNKNOWN_COLOR;UNKNOWN_MATERIAL
DF875BK,557,5,75BK,75,BK,UNKNOWN_COLOR;UNKNOWN_MATERIAL
DF875BLNV,557,5,BLNV,BL,NV,UNKNOWN_MATERIAL
DF877BE,557,5,77BE,77,BE,UNKNOWN_COLOR;UNKNOWN_MATERIAL
DF877BK,557,5,77BK,77,BK,UNKNOWN_COLOR;UNKNOWN_MATERIAL
DF877KH,557,5,77KH,77,KH,UNKNOWN_COLOR;UNKNOWN_MATERIAL
DF878BK,568,5,78BK,78,BK,UNKNOWN_COLOR;UNKNOWN_MATERIAL
DF878BL,557,5,78BL,78,BL,UNKNOWN_COLOR;UNKNOWN_MATERIAL
DF878BLNV,557,5,BLNV,BL,NV,UNKNOWN_MATERIAL
DF878KH,557,5,78KH,78,KH,UNKNOWN_COLOR;UNKNOWN_MATERIAL
DF879BK,558,5,79BK,79,BK,UNKNOWN_COLOR;UNKNOWN_MATERIAL
DF879BLNV,558,5,BLNV,BL,NV,UNKNOWN_MATERIAL
DF879CML,558,5,9CML,9C,ML,UNKNOWN_COLOR;UNKNOWN_MATERIAL
DF879KH,558,5,79KH,79,KH,UNKNOWN_COLOR;UNKNOWN_MATERIAL
DF880BE,558,5,80BE,80,BE,UNKNOWN_COLOR;UNKNOWN_MATERIAL
DF880BK,558,5,80BK,80,BK,UNKNOWN_COLOR;UNKNOWN_MATERIAL
DF880BLNV,558,5,BLNV,BL,NV,UNKNOWN_MATERIAL
DF880KH,558,5,80KH,80,KH,UNKNOWN_COLOR;UNKNOWN_MATERIAL
DF886KHPU,556,5,KHPU,KH,PU,UNKNOWN_COLOR
DF886LIPU,556,5,LIPU,LI,PU,UNKNOWN_COLOR
DF889GYWH,556,5,GYWH,GY,WH,UNKNOWN_MATERIAL
DF889KHPU,556,5,KHPU,KH,PU,UNKNOWN_COLOR
DF890KHPU,556,5,KHPU,KH,PU,UNKNOWN_COLOR
DF890WHGY,556,5,WHGY,WH,GY,UNKNOWN_MATERIAL
DIAMOND1RSGD,567,1,RSGD,RS,GD,UNKNOWN_COLOR;UNKNOWN_MATERIAL
DIAMOND1SL,567,1,D1SL,D1,SL,UNKNOWN_COLOR;UNKNOWN_MATERIAL
DILANAWHT,597,5,AWHT,AW,HT,UNKNOWN_COLOR;UNKNOWN_MATERIAL
DM221KHPU,585,7,KHPU,KH,PU,UNKNOWN_COLOR
DM420KHPU,585,B,KHPU,KH,PU,UNKNOWN_COLOR
DM421KHPU,585,A,KHPU,KH,PU,UNKNOWN_COLOR
DM422KHPU,585,A,KHPU,KH,PU,UNKNOWN_COLOR
DM453KHPU,585,B,KHPU,KH,PU,UNKNOWN_COLOR
DM457CPME,585,B,CPME,CP,ME,UNKNOWN_COLOR
DM816KHPU,588,7,KHPU,KH,PU,UNKNOWN_COLOR
DM83BE,560,5,83BE,83,BE,UNKNOWN_COLOR;UNKNOWN_MATERIAL
DM83BK,560,5,83BK,83,BK,UNKNOWN_COLOR;UNKNOWN_MATERIAL
DM85CML,560,5,5CML,5C,ML,UNKNOWN_COLOR;UNKNOWN_MATERIAL
DM85LBL,560,5,5LBL,5L,BL,UNKNOWN_COLOR;UNKNOWN_MATERIAL
DM90BK,560,5,90BK,90,BK,UNKNOWN_COLOR;UNKNOWN_MATERIAL
DM90CML,560,5,0CML,0C,ML,UNKNOWN_COLOR;UNKNOWN_MATERIAL
DM92BK,560,5,92BK,92,BK,UNKNOWN_COLOR;UNKNOWN_MATERIAL
DM92BL,560,5,92BL,92,BL,UNKNOWN_COLOR;UNKNOWN_MATERIAL
DOLCE-69K-BK,597,1,K-BK,,,NONSTANDARD_SUFFIX
DOLCE-69K-CP,597,1,K-CP,,,NONSTANDARD_SUFFIX
DORIBKPWT,566,2,KPWT,KP,WT,UNKNOWN_COLOR;UNKNOWN_MATERIAL
DORIRD,566,2,RIRD,RI,RD,UNKNOWN_COLOR;UNKNOWN_MATERIAL
DORISL,567,2,RISL,RI,SL,UNKNOWN_COLOR;UNKNOWN_MATERIAL
DUCHYTABBK,597,6,ABBK,AB,BK,UNKNOWN_COLOR;UNKNOWN_MATERIAL
DUCHYTABKWS,597,6,BKWS,BK,WS,UNKNOWN_MATERIAL
E-1001-BKCHL,558,1,KCHL,KC,HL,UNKNOWN_COLOR;UNKNOWN_MATERIAL
E-1001-MRTCHL,558,1,TCHL,TC,HL,UNKNOWN_COLOR;UNKNOWN_MATERIAL
E-1002-BKCHL,558,1,KCHL,KC,HL,UNKNOWN_COLOR;UNKNOWN_MATERIAL
E-1002-MRTCHL,558,1,TCHL,TC,HL,UNKNOWN_COLOR;UNKNOWN_MATERIAL
E-1003-BKCHL,558,1,KCHL,KC,HL,UNKNOWN_COLOR;UNKNOWN_MATERIAL
E-2021BO-BKCHL,592,1,KCHL,KC,HL,UNKNOWN_COLOR;UNKNOWN_MATERIAL
E-2022BO-BKCHL,592,1,KCHL,KC,HL,UNKNOWN_COLOR;UNKNOWN_MATERIAL
E-930-BKCHL,558,1,KCHL,KC,HL,UNKNOWN_COLOR;UNKNOWN_MATERIAL
EDGYBUCKLES-BKH,585,3,-BKH,,,NONSTANDARD_SUFFIX
EDGYBUCKLES-NDH,585,3,-NDH,,,NONSTANDARD_SUFFIX
EDGYBUCKLES-TNH,585,3,-TNH,,,NONSTANDARD_SUFFIX
EDGYDUAL-BEHL,585,3,BEHL,BE,HL,UNKNOWN_MATERIAL
EDGYDUAL-BKHL,585,3,BKHL,BK,HL,UNKNOWN_MATERIAL
EDGYDUAL-NDHL,585,3,NDHL,ND,HL,UNKNOWN_MATERIAL
EDGYSLIDBLNG-BE,585,3,G-BE,,,NONSTANDARD_SUFFIX
EDGYSLIDBLNG-BK,585,3,G-BK,,,NONSTANDARD_SUFFIX
EDGYSLIDBLNG-BS,585,3,G-BS,,,NONSTANDARD_SUFFIX
EDGYTHONG-BKHL,588,3,BKHL,BK,HL,UNKNOWN_MATERIAL
EDGYTHONG-WHHL,588,3,WHHL,WH,HL,UNKNOWN_MATERIAL
EDMONDS-CEPL,577,2,CEPL,CE,PL,UNKNOWN_COLOR
ELEGANCE-21BK,591,A,21BK,21,BK,UNKNOWN_COLOR;UNKNOWN_MATERIAL
ELINA605SL,567,6,05SL,05,SL,UNKNOWN_COLOR;UNKNOWN_MATERIAL
ELIO-20-BERF,585,7,BERF,BE,RF,UNKNOWN_MATERIAL
ELIO-20-LPSD,585,7,LPSD,LP,SD,UNKNOWN_COLOR
EVER601ALBK,556,5,ALBK,AL,BK,UNKNOWN_COLOR;UNKNOWN_MATERIAL
EVER601BE,556,2,01BE,01,BE,UNKNOWN_COLOR;UNKNOWN_MATERIAL
EVER601BK,556,5,01BK,01,BK,UNKNOWN_COLOR;UNKNOWN_MATERIAL
EVER602WHBK,556,5,WHBK,WH,BK,UNKNOWN_MATERIAL
EVER602WHGN,556,2,WHGN,WH,GN,UNKNOWN_MATERIAL
EVER602WHPK,556,5,WHPK,WH,PK,UNKNOWN_MATERIAL
EVER603BKPW,556,2,BKPW,BK,PW,UNKNOWN_MATERIAL
EVER603WHGD,556,2,WHGD,WH,GD,UNKNOWN_MATERIAL
EVER603WHSL,556,2,WHSL,WH,SL,UNKNOWN_MATERIAL
EVER604WHPK,556,2,WHPK,WH,PK,UNKNOWN_MATERIAL
EVER605BE,556,2,05BE,05,BE,UNKNOWN_COLOR;UNKNOWN_MATERIAL
EVER605PK,556,2,05PK,05,PK,UNKNOWN_COLOR;UNKNOWN_MATERIAL
EVER606KH,556,2,06KH,06,KH,UNKNOWN_COLOR;UNKNOWN_MATERIAL
EVER606PK,556,2,06PK,06,PK,UNKNOWN_COLOR;UNKNOWN_MATERIAL
EVER607GY,556,2,07GY,07,GY,UNKNOWN_COLOR;UNKNOWN_MATERIAL
EVER608GY,556,2,08GY,08,GY,UNKNOWN_COLOR;UNKNOWN_MATERIAL
EVER608PK,556,2,08PK,08,PK,UNKNOWN_COLOR;UNKNOWN_MATERIAL
EVER701BKPW,556,5,BKPW,BK,PW,UNKNOWN_MATERIAL
EVER701WHGD,556,5,WHGD,WH,GD,UNKNOWN_MATERIAL
EVER701WHSL,556,5,WHSL,WH,SL,UNKNOWN_MATERIAL
EVER702BKSL,556,5,BKSL,BK,SL,UNKNOWN_MATERIAL
EVER702WHGD,556,5,WHGD,WH,GD,UNKNOWN_MATERIAL
EVER703BEOG,556,5,BEOG,BE,OG,UNKNOWN_MATERIAL
EVER703KHBL,556,5,KHBL,KH,BL,UNKNOWN_COLOR;UNKNOWN_MATERIAL
EVER704BK,556,5,04BK,04,BK,UNKNOWN_COLOR;UNKNOWN_MATERIAL
EVER704PK,556,5,04PK,04,PK,UNKNOWN_COLOR;UNKNOWN_MATERIAL
EVER705BK,556,5,05BK,05,BK,UNKNOWN_COLOR;UNKNOWN_MATERIAL
EVER705PK,556,5,05PK,05,PK,UNKNOWN_COLOR;UNKNOWN_MATERIAL
EVER706BEBL,556,5,BEBL,BE,BL,UNKNOWN_MATERIAL
EVER706BEGR,556,5,BEGR,BE,GR,UNKNOWN_MATERIAL
EVER706BEGY,556,5,BEGY,BE,GY,UNKNOWN_MATERIAL
EVER706OGPK,556,5,OGPK,OG,PK,UNKNOWN_COLOR;UNKNOWN_MATERIAL
EVER706OLBL,556,5,OLBL,OL,BL,UNKNOWN_COLOR;UNKNOWN_MATERIAL
EVER707BKGD,556,5,BKGD,BK,GD,UNKNOWN_MATERIAL
EVER707WHGD,556,5,WHGD,WH,GD,UNKNOWN_MATERIAL
EVER709BEKH,556,5,BEKH,BE,KH,UNKNOWN_MATERIAL
EVER709BEOL,556,5,BEOL,BE,OL,UNKNOWN_MATERIAL
EVER710BKBE,556,5,BKBE,BK,BE,UNKNOWN_MATERIAL
EVER710KHBE,556,5,KHBE,KH,BE,UNKNOWN_COLOR;UNKNOWN_MATERIAL
EVER718BKBK,556,6,BKBK,BK,BK,UNKNOWN_MATERIAL
EVER718BKWH,556,6,BKWH,BK,WH,UNKNOWN_MATERIAL
EVER718BLWH,556,6,BLWH,BL,WH,UNKNOWN_MATERIAL
EVER718GYWH,556,6,GYWH,GY,WH,UNKNOWN_MATERIAL
EVER718NVWH,556,6,NVWH,NV,WH,UNKNOWN_MATERIAL
EVER718WHBK,556,6,WHBK,WH,BK,UNKNOWN_MATERIAL
EVER718WHNV,556,6,WHNV,WH,NV,UNKNOWN_MATERIAL
EVER718WHPK,556,6,WHPK,WH,PK,UNKNOWN_MATERIAL
EVER719BKWH,556,6,BKWH,BK,WH,UNKNOWN_MATERIAL
EVER719NVBL,556,6,NVBL,NV,BL,UNKNOWN_MATERIAL
EVER719PKBK,556,6,PKBK,PK,BK,UNKNOWN_MATERIAL
EVER719WHBK,556,6,WHBK,WH,BK,UNKNOWN_MATERIAL
EVER719WHRD,556,6,WHRD,WH,RD,UNKNOWN_MATERIAL
EVER720BKWH,556,6,BKWH,BK,WH,UNKNOWN_MATERIAL
EVER720GNWH,556,6,GNWH,GN,WH,UNKNOWN_MATERIAL
EVER720WHBK,556,6,WHBK,WH,BK,UNKNOWN_MATERIAL
EVER720WHGD,556,6,WHGD,WH,GD,UNKNOWN_MATERIAL
EVER720WHSL,556,6,WHSL,WH,SL,UNKNOWN_MATERIAL
EVER750BEBK,556,A,BEBK,BE,BK,UNKNOWN_MATERIAL
EVER750BKWH,556,A,BKWH,BK,WH,UNKNOWN_MATERIAL
EVER750WHNV,556,A,WHNV,WH,NV,UNKNOWN_MATERIAL
EVER751BK,556,A,51BK,51,BK,UNKNOWN_COLOR;UNKNOWN_MATERIAL
EVER751WH,556,A,51WH,51,WH,UNKNOWN_COLOR;UNKNOWN_MATERIAL
EVER751WHBK,556,A,WHBK,WH,BK,UNKNOWN_MATERIAL
EVER752BKBE,556,A,BKBE,BK,BE,UNKNOWN_MATERIAL
EVER752KHBE,556,A,KHBE,KH,BE,UNKNOWN_COLOR;UNKNOWN_MATERIAL
EVER752WH,556,A,52WH,52,WH,UNKNOWN_COLOR;UNKNOWN_MATERIAL
EVER753BE,556,A,53BE,53,BE,UNKNOWN_COLOR;UNKNOWN_MATERIAL
EVER753BKBE,556,A,BKBE,BK,BE,UNKNOWN_MATERIAL
EVER753KHBE,556,A,KHBE,KH,BE,UNKNOWN_COLOR;UNKNOWN_MATERIAL
EVER754BEBN,556,A,BEBN,BE,BN,UNKNOWN_MATERIAL
EVER754BKSL,556,A,BKSL,BK,SL,UNKNOWN_MATERIAL
EVER754WHBK,556,A,WHBK,WH,BK,UNKNOWN_MATERIAL
EVER755BE,556,A,55BE,55,BE,UNKNOWN_COLOR;UNKNOWN_MATERIAL
EVER755KH,556,A,55KH,55,KH,UNKNOWN_COLOR;UNKNOWN_MATERIAL
EVER755WH,556,A,55WH,55,WH,UNKNOWN_COLOR;UNKNOWN_MATERIAL
EVER756ABK,556,A,6ABK,6A,BK,UNKNOWN_COLOR;UNKNOWN_MATERIAL
EVER756AWH,556,A,6AWH,6A,WH,UNKNOWN_COLOR;UNKNOWN_MATERIAL
EVER756BKWH,556,A,BKWH,BK,WH,UNKNOWN_MATERIAL
EVER757ABK,556,A,7ABK,7A,BK,UNKNOWN_COLOR;UNKNOWN_MATERIAL
EVER757BE,556,A,57BE,57,BE,UNKNOWN_COLOR;UNKNOWN_MATERIAL
EVER757PK,556,A,57PK,57,PK,UNKNOWN_COLOR;UNKNOWN_MATERIAL
EVER758AWH,556,A,8AWH,8A,WH,UNKNOWN_COLOR;UNKNOWN_MATERIAL
EVER758BEKH,556,A,BEKH,BE,KH,UNKNOWN_MATERIAL
EVER758BK,556,A,58BK,58,BK,UNKNOWN_COLOR;UNKNOWN_MATERIAL
EVER759BKWH,556,A,BKWH,BK,WH,UNKNOWN_MATERIAL
EVER759KHBE,556,A,KHBE,KH,BE,UNKNOWN_COLOR;UNKNOWN_MATERIAL
EVER759PKWH,556,A,PKWH,PK,WH,UNKNOWN_MATERIAL
EVER760BK,556,A,60BK,60,BK,UNKNOWN_COLOR;UNKNOWN_MATERIAL
EVER760WHPK,556,A,WHPK,WH,PK,UNKNOWN_MATERIAL
EVER760WHSL,556,A,WHSL,WH,SL,UNKNOWN_MATERIAL
EVER761BKWH,556,A,BKWH,BK,WH,UNKNOWN_MATERIAL
EVER761BLWH,556,A,BLWH,BL,WH,UNKNOWN_MATERIAL
EVER761PKWH,556,A,PKWH,PK,WH,UNKNOWN_MATERIAL
EVER762ABK,556,A,2ABK,2A,BK,UNKNOWN_COLOR;UNKNOWN_MATERIAL
EVER762BKWH,556,A,BKWH,BK,WH,UNKNOWN_MATERIAL
EVER762GYWH,556,A,GYWH,GY,WH,UNKNOWN_MATERIAL
EVER763BEKH,556,A,BEKH,BE,KH,UNKNOWN_MATERIAL
EVER763BKWH,556,A,BKWH,BK,WH,UNKNOWN_MATERIAL
EVER763WHBK,556,A,WHBK,WH,BK,UNKNOWN_MATERIAL
EVER764BKWH,556,A,BKWH,BK,WH,UNKNOWN_MATERIAL
EVER764KHBE,556,A,KHBE,KH,BE,UNKNOWN_COLOR;UNKNOWN_MATERIAL
EVER764PKWH,556,A,PKWH,PK,WH,UNKNOWN_MATERIAL
EVER765BKWH,556,A,BKWH,BK,WH,UNKNOWN_MATERIAL
EVER765GYBK,556,A,GYBK,GY,BK,UNKNOWN_MATERIAL
EVER765WHBK,556,A,WHBK,WH,BK,UNKNOWN_MATERIAL
EVER765WHFU,556,A,WHFU,WH,FU,UNKNOWN_MATERIAL
EVER766BK,556,A,66BK,66,BK,UNKNOWN_COLOR;UNKNOWN_MATERIAL
EVER766WH,556,A,66WH,66,WH,UNKNOWN_COLOR;UNKNOWN_MATERIAL
EVER767ABK,556,A,7ABK,7A,BK,UNKNOWN_COLOR;UNKNOWN_MATERIAL
EVER767AWH,556,A,7AWH,7A,WH,UNKNOWN_COLOR;UNKNOWN_MATERIAL
EVER767BKWH,556,A,BKWH,BK,WH,UNKNOWN_MATERIAL
EVER768BEGD,556,A,BEGD,BE,GD,UNKNOWN_MATERIAL
EVER768BKPW,556,A,BKPW,BK,PW,UNKNOWN_MATERIAL
EVER768WHSL,556,A,WHSL,WH,SL,UNKNOWN_MATERIAL
EVER769BGWH,556,A,BGWH,BG,WH,UNKNOWN_MATERIAL
EVER769BKWH,556,A,BKWH,BK,WH,UNKNOWN_MATERIAL
EVER769GNBE,556,A,GNBE,GN,BE,UNKNOWN_MATERIAL
EVER769KHBE,556,A,KHBE,KH,BE,UNKNOWN_COLOR;UNKNOWN_MATERIAL
EVER769NVBL,556,A,NVBL,NV,BL,UNKNOWN_MATERIAL
EVER769WHBK,556,A,WHBK,WH,BK,UNKNOWN_MATERIAL
EVER770ABK,556,A,0ABK,0A,BK,UNKNOWN_COLOR;UNKNOWN_MATERIAL
EVER770BKWH,556,A,BKWH,BK,WH,UNKNOWN_MATERIAL
EVER770WHBK,556,A,WHBK,WH,BK,UNKNOWN_MATERIAL
EVER770WHGD,556,A,WHGD,WH,GD,UNKNOWN_MATERIAL
EVER770WHNV,556,A,WHNV,WH,NV,UNKNOWN_MATERIAL
EVER770WHPK,556,A,WHPK,WH,PK,UNKNOWN_MATERIAL
EVER771ABK,556,A,1ABK,1A,BK,UNKNOWN_COLOR;UNKNOWN_MATERIAL
EVER771AWH,556,A,1AWH,1A,WH,UNKNOWN_COLOR;UNKNOWN_MATERIAL
EVER771BKWHSO,556,A,WHSO,WH,SO,UNKNOWN_MATERIAL
EVER771WHGN,556,A,WHGN,WH,GN,UNKNOWN_MATERIAL
EVER772BEGY,556,A,BEGY,BE,GY,UNKNOWN_MATERIAL
EVER772DBEPK,556,A,BEPK,BE,PK,UNKNOWN_MATERIAL
EVER773BK,556,A,73BK,73,BK,UNKNOWN_COLOR;UNKNOWN_MATERIAL
EVER773BKWH,556,A,BKWH,BK,WH,UNKNOWN_MATERIAL
EVER773GYPK,556,A,GYPK,GY,PK,UNKNOWN_MATERIAL
EVER773KH,556,A,73KH,73,KH,UNKNOWN_COLOR;UNKNOWN_MATERIAL
EVER773PK,556,A,73PK,73,PK,UNKNOWN_COLOR;UNKNOWN_MATERIAL
EVER773WHGY,556,A,WHGY,WH,GY,UNKNOWN_MATERIAL
EVER775BKWH,556,B,BKWH,BK,WH,UNKNOWN_MATERIAL
EVER775GY,556,B,75GY,75,GY,UNKNOWN_COLOR;UNKNOWN_MATERIAL
EVER775WHLGY,556,B,HLGY,HL,GY,UNKNOWN_COLOR;UNKNOWN_MATERIAL
EVER776BKVL,556,B,BKVL,BK,VL,UNKNOWN_MATERIAL
EVER776NV,556,B,76NV,76,NV,UNKNOWN_COLOR;UNKNOWN_MATERIAL
EVER776PK,556,B,76PK,76,PK,UNKNOWN_COLOR;UNKNOWN_MATERIAL
EVER777DGY,556,A,7DGY,7D,GY,UNKNOWN_COLOR;UNKNOWN_MATERIAL
EVER777KALP,556,A,KALP,KA,LP,UNKNOWN_COLOR;UNKNOWN_MATERIAL
EVER777KHBG,556,A,KHBG,KH,BG,UNKNOWN_COLOR;UNKNOWN_MATERIAL
EVER777NV,556,A,77NV,77,NV,UNKNOWN_COLOR;UNKNOWN_MATERIAL
EVER777WH,556,A,77WH,77,WH,UNKNOWN_COLOR;UNKNOWN_MATERIAL
EVER777WHNV,556,A,WHNV,WH,NV,UNKNOWN_MATERIAL
EVERBBEKH,556,5,BEKH,BE,KH,UNKNOWN_MATERIAL
EVERBBEOL,556,5,BEOL,BE,OL,UNKNOWN_MATERIAL
F1602BE,567,5,02BE,02,BE,UNKNOWN_COLOR;UNKNOWN_MATERIAL
F1602BK,567,5,02BK,02,BK,UNKNOWN_COLOR;UNKNOWN_MATERIAL
F1606BK,568,5,06BK,06,BK,UNKNOWN_COLOR;UNKNOWN_MATERIAL
F1606GD,568,5,06GD,06,GD,UNKNOWN_COLOR;UNKNOWN_MATERIAL
F1606SL,568,5,06SL,06,SL,UNKNOWN_COLOR;UNKNOWN_MATERIAL
F1623BK,592,5,23BK,23,BK,UNKNOWN_COLOR;UNKNOWN_MATERIAL
F1623KH,592,5,23KH,23,KH,UNKNOWN_COLOR;UNKNOWN_MATERIAL
F86-1CPPT,566,6,CPPT,CP,PT,UNKNOWN_COLOR
FELIX-3-IVPU,557,2,IVPU,IV,PU,UNKNOWN_COLOR
FENNS-OGPU,567,2,OGPU,OG,PU,UNKNOWN_COLOR
FENNS-TLPU,567,2,TLPU,TL,PU,UNKNOWN_COLOR
FEZ-BSSD,596,1,BSSD,BS,SD,UNKNOWN_COLOR
FF301-C-CPME,566,A,CPME,CP,ME,UNKNOWN_COLOR
FF301-CPME,566,6,CPME,CP,ME,UNKNOWN_COLOR
FF302-C-CPME,566,A,CPME,CP,ME,UNKNOWN_COLOR
FF302-CPME,566,6,CPME,CP,ME,UNKNOWN_COLOR
FF303-BE,566,6,3-BE,,,NONSTANDARD_SUFFIX
FF303-BK,566,6,3-BK,,,NONSTANDARD_SUFFIX
FF303-LTPK,566,6,LTPK,LT,PK,UNKNOWN_COLOR;UNKNOWN_MATERIAL
FF305-BG,568,6,5-BG,,,NONSTANDARD_SUFFIX
FF305-BK,568,6,5-BK,,,NONSTANDARD_SUFFIX
FF305-NV,568,6,5-NV,,,NONSTANDARD_SUFFIX
FF305-PK,568,6,5-PK,,,NONSTANDARD_SUFFIX
FF306-BK,567,6,6-BK,,,NONSTANDARD_SUFFIX
FF306-CP,567,6,6-CP,,,NONSTANDARD_SUFFIX
FF306-SL,567,6,6-SL,,,NONSTANDARD_SUFFIX
FF307-CPNB,567,6,CPNB,CP,NB,UNKNOWN_COLOR
FF307-PHNB,567,6,PHNB,PH,NB,UNKNOWN_COLOR
FF309-BE,567,6,9-BE,,,NONSTANDARD_SUFFIX
FF309-BK,567,6,9-BK,,,NONSTANDARD_SUFFIX
FF309-WH,567,6,9-WH,,,NONSTANDARD_SUFFIX
FF310-BK,567,6,0-BK,,,NONSTANDARD_SUFFIX
FF310-NV,567,6,0-NV,,,NONSTANDARD_SUFFIX
FF310-RD,567,6,0-RD,,,NONSTANDARD_SUFFIX
FF311-C-CPME,567,A,CPME,CP,ME,UNKNOWN_COLOR
FF311-CPME,567,6,CPME,CP,ME,UNKNOWN_COLOR
FF311CPME,568,A,CPME,CP,ME,UNKNOWN_COLOR
FF318-BK,557,7,8-BK,,,NONSTANDARD_SUFFIX
FF318-CML,557,7,-CML,,,NONSTANDARD_SUFFIX
FF318-ND,557,7,8-ND,,,NONSTANDARD_SUFFIX
FF319-BK,558,6,9-BK,,,NONSTANDARD_SUFFIX
FF319-CML,558,6,-CML,,,NONSTANDARD_SUFFIX
FF319-PW,558,6,9-PW,,,NONSTANDARD_SUFFIX
FF320-BG,568,6,0-BG,,,NONSTANDARD_SUFFIX
FF320-BK,568,6,0-BK,,,NONSTANDARD_SUFFIX
FF320-NV,568,6,0-NV,,,NONSTANDARD_SUFFIX
FF322-BE,568,6,2-BE,,,NONSTANDARD_SUFFIX
FF322-BK,568,6,2-BK,,,NONSTANDARD_SUFFIX
FF322-PK,568,6,2-PK,,,NONSTANDARD_SUFFIX
FF323-CFNB,568,6,CFNB,CF,NB,UNKNOWN_COLOR
FF347-CMLNB,557,7,MLNB,ML,NB,UNKNOWN_COLOR
FF349-CMLPU,557,7,MLPU,ML,PU,UNKNOWN_COLOR
FIELD-34CPGL,568,7,CPGL,CP,GL,UNKNOWN_COLOR
FLEXIBLE-23K-BK,597,7,K-BK,,,NONSTANDARD_SUFFIX
FLEXIBLE-23K-FU,597,7,K-FU,,,NONSTANDARD_SUFFIX
FLEXIBLE-23K-TN,597,7,K-TN,,,NONSTANDARD_SUFFIX
FLEXIBLE-23TPSD,557,7,TPSD,TP,SD,UNKNOWN_COLOR
FLEXIBLE-53K-BK,597,7,K-BK,,,NONSTANDARD_SUFFIX
FLEXIBLE-53K-PK,597,7,K-PK,,,NONSTANDARD_SUFFIX
FM223-OLPU,564,1,OLPU,OL,PU,UNKNOWN_COLOR
FM9001BE,567,2,01BE,01,BE,UNKNOWN_COLOR;UNKNOWN_MATERIAL
FM9001BK,567,2,01BK,01,BK,UNKNOWN_COLOR;UNKNOWN_MATERIAL
FM9002BK,567,2,02BK,02,BK,UNKNOWN_COLOR;UNKNOWN_MATERIAL
FM9002BL,567,2,02BL,02,BL,UNKNOWN_COLOR;UNKNOWN_MATERIAL
FOREST-16BERF,586,4,BERF,BE,RF,UNKNOWN_MATERIAL
FREYA-18NDCE,567,4,NDCE,ND,CE,UNKNOWN_MATERIAL
FREYA-5EMSA,567,4,EMSA,EM,SA,UNKNOWN_COLOR
G171-OGTE,556,2,OGTE,OG,TE,UNKNOWN_COLOR
G191-OGTE,556,2,OGTE,OG,TE,UNKNOWN_COLOR
G19-FWTE,556,2,FWTE,FW,TE,UNKNOWN_COLOR
G19-PRTE,556,2,PRTE,PR,TE,UNKNOWN_COLOR
G21KHTE,593,2,KHTE,KH,TE,UNKNOWN_COLOR
G27WHBK,556,2,WHBK,WH,BK,UNKNOWN_MATERIAL
G27WHFLT,556,2,HFLT,HF,LT,UNKNOWN_COLOR
G29KHTE,556,5,KHTE,KH,TE,UNKNOWN_COLOR
G312WHCMLTE,556,5,MLTE,ML,TE,UNKNOWN_COLOR
G315BEKH,556,5,BEKH,BE,KH,UNKNOWN_MATERIAL
G6973BE,593,5,73BE,73,BE,UNKNOWN_COLOR;UNKNOWN_MATERIAL
G6973BG,593,5,73BG,73,BG,UNKNOWN_COLOR;UNKNOWN_MATERIAL
G6973BK,593,5,73BK,73,BK,UNKNOWN_COLOR;UNKNOWN_MATERIAL
GAIN29BK,586,1,29BK,29,BK,UNKNOWN_COLOR;UNKNOWN_MATERIAL
GAIN29TP,586,1,29TP,29,TP,UNKNOWN_COLOR;UNKNOWN_MATERIAL
GAIN29WH,586,1,29WH,29,WH,UNKNOWN_COLOR;UNKNOWN_MATERIAL
H21112-PRPU,566,2,PRPU,PR,PU,UNKNOWN_COLOR
H21179CPPU,567,6,CPPU,CP,PU,UNKNOWN_COLOR
H2138BK,593,1,38BK,38,BK,UNKNOWN_COLOR;UNKNOWN_MATERIAL
H2138ND,593,1,38ND,38,ND,UNKNOWN_COLOR;UNKNOWN_MATERIAL
H2138WH,593,1,38WH,38,WH,UNKNOWN_COLOR;UNKNOWN_MATERIAL
H2153BK,591,1,53BK,53,BK,UNKNOWN_COLOR;UNKNOWN_MATERIAL
H2155BE,592,1,55BE,55,BE,UNKNOWN_COLOR;UNKNOWN_MATERIAL
H2156BK,592,1,56BK,56,BK,UNKNOWN_COLOR;UNKNOWN_MATERIAL
H2199BK,567,2,99BK,99,BK,UNKNOWN_COLOR;UNKNOWN_MATERIAL
H2199SL,567,2,99SL,99,SL,UNKNOWN_COLOR;UNKNOWN_MATERIAL
H2199WH,567,2,99WH,99,WH,UNKNOWN_COLOR;UNKNOWN_MATERIAL
H22196CMLPU,592,5,MLPU,ML,PU,UNKNOWN_COLOR
H22201BE,592,1,01BE,01,BE,UNKNOWN_COLOR;UNKNOWN_MATERIAL
H22201BK,592,1,01BK,01,BK,UNKNOWN_COLOR;UNKNOWN_MATERIAL
H3176BK,591,5,76BK,76,BK,UNKNOWN_COLOR;UNKNOWN_MATERIAL
H3176BN,591,5,76BN,76,BN,UNKNOWN_COLOR;UNKNOWN_MATERIAL
H3177BE,591,5,77BE,77,BE,UNKNOWN_COLOR;UNKNOWN_MATERIAL
H3177BK,591,5,77BK,77,BK,UNKNOWN_COLOR;UNKNOWN_MATERIAL
H8203BE,592,5,03BE,03,BE,UNKNOWN_COLOR;UNKNOWN_MATERIAL
H8203BK,592,5,03BK,03,BK,UNKNOWN_COLOR;UNKNOWN_MATERIAL
H8216BK,566,1,16BK,16,BK,UNKNOWN_COLOR;UNKNOWN_MATERIAL
H8216GN,566,1,16GN,16,GN,UNKNOWN_COLOR;UNKNOWN_MATERIAL
H8216ND,566,1,16ND,16,ND,UNKNOWN_COLOR;UNKNOWN_MATERIAL
H8216PK,566,1,16PK,16,PK,UNKNOWN_COLOR;UNKNOWN_MATERIAL
H8216WH,566,1,16WH,16,WH,UNKNOWN_COLOR;UNKNOWN_MATERIAL
H8217BE,566,1,17BE,17,BE,UNKNOWN_COLOR;UNKNOWN_MATERIAL
H8217BK,566,1,17BK,17,BK,UNKNOWN_COLOR;UNKNOWN_MATERIAL
H8217GD,566,1,17GD,17,GD,UNKNOWN_COLOR;UNKNOWN_MATERIAL
H8217RD,566,1,17RD,17,RD,UNKNOWN_COLOR;UNKNOWN_MATERIAL
H8217SL,566,1,17SL,17,SL,UNKNOWN_COLOR;UNKNOWN_MATERIAL
H8226BBK,592,2,6BBK,6B,BK,UNKNOWN_COLOR;UNKNOWN_MATERIAL
H8229BBK,592,2,9BBK,9B,BK,UNKNOWN_COLOR;UNKNOWN_MATERIAL
H8229BBN,592,2,9BBN,9B,BN,UNKNOWN_COLOR;UNKNOWN_MATERIAL
H8230BE,592,5,30BE,30,BE,UNKNOWN_COLOR;UNKNOWN_MATERIAL
H8230BK,592,5,30BK,30,BK,UNKNOWN_COLOR;UNKNOWN_MATERIAL
H8232BE,592,2,32BE,32,BE,UNKNOWN_COLOR;UNKNOWN_MATERIAL
H8232BK,592,2,32BK,32,BK,UNKNOWN_COLOR;UNKNOWN_MATERIAL
H8239ABK,592,2,9ABK,9A,BK,UNKNOWN_COLOR;UNKNOWN_MATERIAL
H8252BBK,593,2,2BBK,2B,BK,UNKNOWN_COLOR;UNKNOWN_MATERIAL
H8265ACML,592,2,ACML,AC,ML,UNKNOWN_COLOR;UNKNOWN_MATERIAL
H8265BBK,592,2,5BBK,5B,BK,UNKNOWN_COLOR;UNKNOWN_MATERIAL
H8267BBK,592,2,7BBK,7B,BK,UNKNOWN_COLOR;UNKNOWN_MATERIAL
H8269ABN,592,5,9ABN,9A,BN,UNKNOWN_COLOR;UNKNOWN_MATERIAL
H8269BBN,592,2,9BBN,9B,BN,UNKNOWN_COLOR;UNKNOWN_MATERIAL
H8275BK,592,2,75BK,75,BK,UNKNOWN_COLOR;UNKNOWN_MATERIAL
H8281-PRPU,566,2,PRPU,PR,PU,UNKNOWN_COLOR
H8290CPME,567,B,CPME,CP,ME,UNKNOWN_COLOR
H8299FU,566,2,99FU,99,FU,UNKNOWN_COLOR;UNKNOWN_MATERIAL
H8302OGPU,566,4,OGPU,OG,PU,UNKNOWN_COLOR
H8318-PRPU,567,2,PRPU,PR,PU,UNKNOWN_COLOR
H8322-PRPU,567,2,PRPU,PR,PU,UNKNOWN_COLOR
H8330-PRPU,567,2,PRPU,PR,PU,UNKNOWN_COLOR
H8332BK,567,2,32BK,32,BK,UNKNOWN_COLOR;UNKNOWN_MATERIAL
H8383PRPU,567,4,PRPU,PR,PU,UNKNOWN_COLOR
H8393CHPPU,567,4,HPPU,HP,PU,UNKNOWN_COLOR
H8395-PRPU,567,2,PRPU,PR,PU,UNKNOWN_COLOR
H8501-OGPU,568,2,OGPU,OG,PU,UNKNOWN_COLOR
H8503CHPU,567,6,CHPU,CH,PU,UNKNOWN_COLOR
H8505CPPU,567,6,CPPU,CP,PU,UNKNOWN_COLOR
H8509-PRSA,566,2,PRSA,PR,SA,UNKNOWN_COLOR
H8511PRPU,567,6,PRPU,PR,PU,UNKNOWN_COLOR
H8559CMLPU,558,6,MLPU,ML,PU,UNKNOWN_COLOR
H8562CMLPU,558,6,MLPU,ML,PU,UNKNOWN_COLOR
H8565CMLSD,558,6,MLSD,ML,SD,UNKNOWN_COLOR
H8589CMLSD,568,A,MLSD,ML,SD,UNKNOWN_COLOR
H8590BBK,593,2,0BBK,0B,BK,UNKNOWN_COLOR;UNKNOWN_MATERIAL
H8590BCML,593,2,BCML,BC,ML,UNKNOWN_COLOR;UNKNOWN_MATERIAL
H8590BKH,593,2,0BKH,0B,KH,UNKNOWN_COLOR;UNKNOWN_MATERIAL
H8619PRSA,568,6,PRSA,PR,SA,UNKNOWN_COLOR
H8635CPPT,567,B,CPPT,CP,PT,UNKNOWN_COLOR
H8636CPME,567,A,CPME,CP,ME,UNKNOWN_COLOR
H8658CPME,567,B,CPME,CP,ME,UNKNOWN_COLOR
H8668CPPU,568,8,CPPU,CP,PU,UNKNOWN_COLOR
H8710CPPT,568,8,CPPT,CP,PT,UNKNOWN_COLOR
H8716CHPU,567,6,CHPU,CH,PU,UNKNOWN_COLOR
H8717CPME,567,B,CPME,CP,ME,UNKNOWN_COLOR
H8750CMLTE,557,6,MLTE,ML,TE,UNKNOWN_COLOR
H8753CPPU,557,6,CPPU,CP,PU,UNKNOWN_COLOR
H8781CMLPU,557,6,MLPU,ML,PU,UNKNOWN_COLOR
H8830CPME,568,B,CPME,CP,ME,UNKNOWN_COLOR
H8832KHPU,568,B,KHPU,KH,PU,UNKNOWN_COLOR
HAPPY95BK,576,1,95BK,95,BK,UNKNOWN_COLOR;UNKNOWN_MATERIAL
HAPPY95TN,576,1,95TN,95,TN,UNKNOWN_COLOR;UNKNOWN_MATERIAL
HB241030-10LPTE,568,A,LPTE,LP,TE,UNKNOWN_COLOR
HBH240628-1RSGD,568,7,RSGD,RS,GD,UNKNOWN_COLOR;UNKNOWN_MATERIAL
HBH240822-4CPM,566,8,4CPM,4C,PM,UNKNOWN_COLOR;UNKNOWN_MATERIAL
HD230721-9RSME,576,5,RSME,RS,ME,UNKNOWN_COLOR
HD230722-1PRME,560,5,PRME,PR,ME,UNKNOWN_COLOR
HD230722-1RSME,560,5,RSME,RS,ME,UNKNOWN_COLOR
HDS-001-TANU,568,2,TANU,TA,NU,UNKNOWN_COLOR
HDS-005 -KHNB,567,2,KHNB,KH,NB,UNKNOWN_COLOR
HDS-005 -NTPT,567,2,NTPT,NT,PT,UNKNOWN_COLOR
HDS230719-6PWGL,568,5,PWGL,PW,GL,UNKNOWN_COLOR
HDS230719-6RSGL,568,5,RSGL,RS,GL,UNKNOWN_COLOR
HDY0910121BE,564,1,21BE,21,BE,UNKNOWN_COLOR;UNKNOWN_MATERIAL
HDY0910121BK,564,1,21BK,21,BK,UNKNOWN_COLOR;UNKNOWN_MATERIAL
HDY0910121BL,564,1,21BL,21,BL,UNKNOWN_COLOR;UNKNOWN_MATERIAL
HDY0910121CML,564,1,1CML,1C,ML,UNKNOWN_MATERIAL
HDY0910121NWBE,564,1,NWBE,NW,BE,UNKNOWN_COLOR;UNKNOWN_MATERIAL
HELEN690BE,567,6,90BE,90,BE,UNKNOWN_COLOR;UNKNOWN_MATERIAL
HELEN690WH,567,6,90WH,90,WH,UNKNOWN_COLOR;UNKNOWN_MATERIAL
HELEN698SL,567,6,98SL,98,SL,UNKNOWN_COLOR;UNKNOWN_MATERIAL
HG250611-COTE,576,C,COTE,CO,TE,UNKNOWN_COLOR
HG8884CMLPU,569,2,MLPU,ML,PU,UNKNOWN_COLOR
HG8884GDMTL,569,2,DMTL,DM,TL,UNKNOWN_COLOR;UNKNOWN_MATERIAL
HG8884TPPU,569,2,TPPU,TP,PU,UNKNOWN_COLOR
HHL23011251LPNB,557,6,LPNB,LP,NB,UNKNOWN_COLOR
HILADYSKATEBK,556,6,TEBK,TE,BK,UNKNOWN_COLOR;UNKNOWN_MATERIAL
HILADYSKATEWH,556,6,TEWH,TE,WH,UNKNOWN_COLOR;UNKNOWN_MATERIAL
HILADYSKATEWHGY,556,6,WHGY,WH,GY,UNKNOWN_MATERIAL
HJD240527-2BKGN,568,8,BKGN,BK,GN,UNKNOWN_MATERIAL
HJD240715-6SNPU,568,8,SNPU,SN,PU,UNKNOWN_COLOR
HJX201085BE,567,1,85BE,85,BE,UNKNOWN_COLOR;UNKNOWN_MATERIAL
HJX201085BK,567,1,85BK,85,BK,UNKNOWN_COLOR;UNKNOWN_MATERIAL
HJX201085SL,567,1,85SL,85,SL,UNKNOWN_COLOR;UNKNOWN_MATERIAL
HJY001PW,567,1,01PW,01,PW,UNKNOWN_COLOR;UNKNOWN_MATERIAL
HJY-001PWME,573,5,PWME,PW,ME,UNKNOWN_COLOR
HJY002BO,576,1,02BO,02,BO,UNKNOWN_COLOR;UNKNOWN_MATERIAL
HJY002RD,576,1,02RD,02,RD,UNKNOWN_COLOR;UNKNOWN_MATERIAL
HJY230330-2LVPT,567,5,LVPT,LV,PT,UNKNOWN_COLOR
HJY240716-1CPME,568,8,CPME,CP,ME,UNKNOWN_COLOR
HLD2506-1-BECC,568,C,BECC,BE,CC,UNKNOWN_MATERIAL
HLD2506-1-BKCC,568,C,BKCC,BK,CC,UNKNOWN_MATERIAL
HLD2506-1-NDCC,568,C,NDCC,ND,CC,UNKNOWN_MATERIAL
HLH072310PW,567,1,10PW,10,PW,UNKNOWN_COLOR;UNKNOWN_MATERIAL
HLH072310SL,567,1,10SL,10,SL,UNKNOWN_COLOR;UNKNOWN_MATERIAL
HLH07239BO,567,1,39BO,39,BO,UNKNOWN_COLOR;UNKNOWN_MATERIAL
HLH0723-9BONB,567,5,BONB,BO,NB,UNKNOWN_COLOR
HLH-07239-BOPT,567,5,BOPT,BO,PT,UNKNOWN_COLOR
HLH07239BOPT,567,1,BOPT,BO,PT,UNKNOWN_COLOR
HLH07239CHP,567,1,9CHP,9C,HP,UNKNOWN_COLOR;UNKNOWN_MATERIAL
HLH-07239-CPGL,573,5,CPGL,CP,GL,UNKNOWN_COLOR
HLH07239SL,567,1,39SL,39,SL,UNKNOWN_COLOR;UNKNOWN_MATERIAL
HNEW-004-BONB,567,3,BONB,BO,NB,UNKNOWN_COLOR
HNEW-005LPNB,568,6,LPNB,LP,NB,UNKNOWN_COLOR
HS-B801CPGL,556,6,CPGL,CP,GL,UNKNOWN_COLOR
HTY2510111-BKM,557,C,-BKM,,,NONSTANDARD_SUFFIX
HTY2510111-LGDM,567,C,LGDM,LG,DM,UNKNOWN_COLOR;UNKNOWN_MATERIAL
HX230427-1-BONB,566,3,BONB,BO,NB,UNKNOWN_COLOR
HXW220516-9TANB,557,2,TANB,TA,NB,UNKNOWN_COLOR
HXY004-TPNB,567,2,TPNB,TP,NB,UNKNOWN_COLOR
HXY220511-3YLNB,567,2,YLNB,YL,NB,UNKNOWN_COLOR
HXY220512-1CPGL,573,5,CPGL,CP,GL,UNKNOWN_COLOR
HXY221129-1KHNB,567,3,KHNB,KH,NB,UNKNOWN_COLOR
HXY230522-1RSGL,567,8,RSGL,RS,GL,UNKNOWN_COLOR
HXY230612-RSME,567,5,RSME,RS,ME,UNKNOWN_COLOR
HXY230615-RSGL,567,5,RSGL,RS,GL,UNKNOWN_COLOR
HXY230628-1CPGL,567,5,CPGL,CP,GL,UNKNOWN_COLOR
HXY230721-3RSME,567,5,RSME,RS,ME,UNKNOWN_COLOR
HXY230801-3RSGL,566,5,RSGL,RS,GL,UNKNOWN_COLOR
HXY241213-4GDM,566,A,4GDM,4G,DM,UNKNOWN_COLOR;UNKNOWN_MATERIAL
HXY250113-2CPME,568,A,CPME,CP,ME,UNKNOWN_COLOR
HXY2507072CFPU,567,C,CFPU,CF,PU,UNKNOWN_COLOR
HXY910293SL,567,1,93SL,93,SL,UNKNOWN_COLOR;UNKNOWN_MATERIAL
HYE230719-4JNDN,569,5,JNDN,JN,DN,UNKNOWN_COLOR
HYS-005NTSA,567,6,NTSA,NT,SA,UNKNOWN_COLOR
HYX2204211-CHGL,566,2,CHGL,CH,GL,UNKNOWN_COLOR
HYX2204211CPGL,573,5,CPGL,CP,GL,UNKNOWN_COLOR
HYX220421-1CPGL,573,8,CPGL,CP,GL,UNKNOWN_COLOR
HZL240503-1CPPU,557,8,CPPU,CP,PU,UNKNOWN_COLOR
HZL-606-TANB,557,2,TANB,TA,NB,UNKNOWN_COLOR
ID2501-GDCC,585,A,GDCC,GD,CC,UNKNOWN_MATERIAL
ID2501-MACC,585,A,MACC,MA,CC,UNKNOWN_COLOR;UNKNOWN_MATERIAL
ID2501-PWCC,585,A,PWCC,PW,CC,UNKNOWN_COLOR;UNKNOWN_MATERIAL
ID2501-WHCC,585,A,WHCC,WH,CC,UNKNOWN_MATERIAL
ID2502-PWME,557,A,PWME,PW,ME,UNKNOWN_COLOR
ID2514-KAPU,558,A,KAPU,KA,PU,UNKNOWN_COLOR
ID63KHSD,558,6,KHSD,KH,SD,UNKNOWN_COLOR
ID64CFSD,560,6,CFSD,CF,SD,UNKNOWN_COLOR
ID72-BKPUIBL,585,A,UIBL,UI,BL,UNKNOWN_COLOR;UNKNOWN_MATERIAL
ID72-GDPUIBL,585,A,UIBL,UI,BL,UNKNOWN_COLOR;UNKNOWN_MATERIAL
ID72-PWPU,585,A,PWPU,PW,PU,UNKNOWN_COLOR
ID72-PWPUIBL,585,A,UIBL,UI,BL,UNKNOWN_COLOR;UNKNOWN_MATERIAL
ID72-WHPUIBL,585,A,UIBL,UI,BL,UNKNOWN_COLOR;UNKNOWN_MATERIAL
ID74KHPU,585,6,KHPU,KH,PU,UNKNOWN_COLOR
IRIS628BE,576,7,28BE,28,BE,UNKNOWN_COLOR;UNKNOWN_MATERIAL
IRIS628TN,576,7,28TN,28,TN,UNKNOWN_COLOR;UNKNOWN_MATERIAL
IRIS629BE,576,6,29BE,29,BE,UNKNOWN_COLOR;UNKNOWN_MATERIAL
ISABEL385BK,567,6,85BK,85,BK,UNKNOWN_COLOR;UNKNOWN_MATERIAL
ISABEL385CML,567,6,5CML,5C,ML,UNKNOWN_COLOR;UNKNOWN_MATERIAL
ISABEL385WH,567,6,85WH,85,WH,UNKNOWN_COLOR;UNKNOWN_MATERIAL
IVANKA-11BK,591,A,11BK,11,BK,UNKNOWN_COLOR;UNKNOWN_MATERIAL
J9818BK,592,5,18BK,18,BK,UNKNOWN_COLOR;UNKNOWN_MATERIAL
JADEBK,585,2,DEBK,DE,BK,UNKNOWN_COLOR;UNKNOWN_MATERIAL
JAMBK,592,2,AMBK,AM,BK,UNKNOWN_COLOR;UNKNOWN_MATERIAL
JAMMYBLING-BKHL,588,3,BKHL,BK,HL,UNKNOWN_MATERIAL
JAMMYBLING-BSHL,588,3,BSHL,BS,HL,UNKNOWN_COLOR;UNKNOWN_MATERIAL
JAMMYSTONES-BKH,588,3,-BKH,,,NONSTANDARD_SUFFIX
JAMMYSTONES-TNH,588,3,-TNH,,,NONSTANDARD_SUFFIX
JAQUE-BSPU,597,1,BSPU,BS,PU,UNKNOWN_COLOR
JEMMA22KCHP,596,1,KCHP,KC,HP,UNKNOWN_COLOR;UNKNOWN_MATERIAL
JEMMA22KSL,596,1,2KSL,2K,SL,UNKNOWN_COLOR;UNKNOWN_MATERIAL
JENIFER585ND,567,6,85ND,85,ND,UNKNOWN_COLOR;UNKNOWN_MATERIAL
JF621-2-KHNB,567,B,KHNB,KH,NB,UNKNOWN_COLOR
JH009250716-BKP,567,C,-BKP,,,NONSTANDARD_SUFFIX
JH009250716-NDP,567,C,-NDP,,,NONSTANDARD_SUFFIX
JH009250716-WNP,567,C,-WNP,,,NONSTANDARD_SUFFIX
JH216251091CCPT,567,C,CCPT,CC,PT,UNKNOWN_COLOR
JL02CFPU,558,6,CFPU,CF,PU,UNKNOWN_COLOR
JL03KHPU,558,6,KHPU,KH,PU,UNKNOWN_COLOR
JL05TPNB,558,6,TPNB,TP,NB,UNKNOWN_COLOR
JL06MAPU,558,6,MAPU,MA,PU,UNKNOWN_COLOR
JL10TPPU,593,6,TPPU,TP,PU,UNKNOWN_COLOR
JL18-1MASD,593,6,MASD,MA,SD,UNKNOWN_COLOR
JL202507A-BKCC,568,A,BKCC,BK,CC,UNKNOWN_MATERIAL
JL202507A-RDCC,568,A,RDCC,RD,CC,UNKNOWN_MATERIAL
JL202511-KHPU,558,A,KHPU,KH,PU,UNKNOWN_COLOR
JL202564-KHNB,558,A,KHNB,KH,NB,UNKNOWN_COLOR
JORDYN-1-LVPU,567,2,LVPU,LV,PU,UNKNOWN_COLOR
JORDYN-1-MNPU,567,2,MNPU,MN,PU,UNKNOWN_COLOR
JX01,567,8,JX01,JX,01,UNKNOWN_COLOR;UNKNOWN_MATERIAL
K332BK,592,5,32BK,32,BK,UNKNOWN_COLOR;UNKNOWN_MATERIAL
K332CML,592,5,2CML,2C,ML,UNKNOWN_COLOR;UNKNOWN_MATERIAL
K5036BK,593,5,36BK,36,BK,UNKNOWN_COLOR;UNKNOWN_MATERIAL
K5036WN,593,5,36WN,36,WN,UNKNOWN_COLOR;UNKNOWN_MATERIAL
KALEEN-YLPU,586,1,YLPU,YL,PU,UNKNOWN_COLOR
KAMMY-BSPU,596,1,BSPU,BS,PU,UNKNOWN_COLOR
KANELA147LA-BK,576,2,A-BK,,,NONSTANDARD_SUFFIX
KANELA147LA-ND,576,2,A-ND,,,NONSTANDARD_SUFFIX
KANELA155LA-BK,576,2,A-BK,,,NONSTANDARD_SUFFIX
KANELA199-PWME,576,6,PWME,PW,ME,UNKNOWN_COLOR
KANELA280-PWPU,580,6,PWPU,PW,PU,UNKNOWN_COLOR
KARLA265BLA-BEP,567,2,-BEP,,,NONSTANDARD_SUFFIX
KARLA265BLA-GDM,567,2,-GDM,,,NONSTANDARD_SUFFIX
KARLA304-PWME,567,6,PWME,PW,ME,UNKNOWN_COLOR
KARLA331-PWME,567,6,PWME,PW,ME,UNKNOWN_COLOR
KARLA333-CPME,567,6,CPME,CP,ME,UNKNOWN_COLOR
KED-BSSD,597,1,BSSD,BS,SD,UNKNOWN_COLOR
KEDLACEBG,556,6,CEBG,CE,BG,UNKNOWN_COLOR;UNKNOWN_MATERIAL
KEDLACEBK,556,6,CEBK,CE,BK,UNKNOWN_COLOR;UNKNOWN_MATERIAL
KEDLACEWH,556,6,CEWH,CE,WH,UNKNOWN_COLOR;UNKNOWN_MATERIAL
KEDSLIPBK,556,6,IPBK,IP,BK,UNKNOWN_COLOR;UNKNOWN_MATERIAL
KEDSLIPNV,556,6,IPNV,IP,NV,UNKNOWN_COLOR;UNKNOWN_MATERIAL
KEDSLIPWH,556,6,IPWH,IP,WH,UNKNOWN_COLOR;UNKNOWN_MATERIAL
KED-TPSD,597,1,TPSD,TP,SD,UNKNOWN_COLOR
KELLY556BK,585,7,56BK,56,BK,UNKNOWN_COLOR;UNKNOWN_MATERIAL
KELSEYBK,557,2,EYBK,EY,BK,UNKNOWN_COLOR;UNKNOWN_MATERIAL
KELSEYGD,557,2,EYGD,EY,GD,UNKNOWN_COLOR;UNKNOWN_MATERIAL
KELSEYSL,557,2,EYSL,EY,SL,UNKNOWN_COLOR;UNKNOWN_MATERIAL
KENNYVELCROBK,556,1,ROBK,RO,BK,UNKNOWN_COLOR;UNKNOWN_MATERIAL
KENNYVELCROWH,556,1,ROWH,RO,WH,UNKNOWN_COLOR;UNKNOWN_MATERIAL
KENNYVELCROWHNV,556,1,WHNV,WH,NV,UNKNOWN_MATERIAL
KOKOG-PWME,565,2,PWME,PW,ME,UNKNOWN_COLOR
KP1001BGBE,556,1,BGBE,BG,BE,UNKNOWN_MATERIAL
KP1005AGWHSL,556,1,WHSL,WH,SL,UNKNOWN_MATERIAL
KP1607BAWHSL,556,1,WHSL,WH,SL,UNKNOWN_MATERIAL
KP1607BGGYBG,556,1,GYBG,GY,BG,UNKNOWN_MATERIAL
KP1607NRBKGD,556,1,BKGD,BK,GD,UNKNOWN_MATERIAL
KP2353NUWHRSGD,556,1,RSGD,RS,GD,UNKNOWN_COLOR;UNKNOWN_MATERIAL
KP2354CHCHP,556,1,HCHP,HC,HP,UNKNOWN_COLOR;UNKNOWN_MATERIAL
KP2354PISNK,556,1,ISNK,IS,NK,UNKNOWN_COLOR;UNKNOWN_MATERIAL
KP2360BAWH,556,1,BAWH,BA,WH,UNKNOWN_COLOR;UNKNOWN_MATERIAL
KP2360BLWHBL,556,1,WHBL,WH,BL,UNKNOWN_MATERIAL
KP2361AGWHSL,556,1,WHSL,WH,SL,UNKNOWN_MATERIAL
KP2361ROWHPK,556,1,WHPK,WH,PK,UNKNOWN_MATERIAL
KP2407GRWHGY,556,1,WHGY,WH,GY,UNKNOWN_MATERIAL
KURAS-BOPU,567,2,BOPU,BO,PU,UNKNOWN_COLOR
L22692781BK,586,7,81BK,81,BK,UNKNOWN_COLOR;UNKNOWN_MATERIAL
LA26-CPSA,567,A,CPSA,CP,SA,UNKNOWN_COLOR
LA26-MASA,567,A,MASA,MA,SA,UNKNOWN_COLOR
LA28-PWSP,567,B,PWSP,PW,SP,UNKNOWN_COLOR
LA34-MAPT,568,A,MAPT,MA,PT,UNKNOWN_COLOR
LA44-OFKHTX,560,A,KHTX,KH,TX,UNKNOWN_COLOR
LA46-BETL,558,B,BETL,BE,TL,UNKNOWN_MATERIAL
LA46-BKTL,558,B,BKTL,BK,TL,UNKNOWN_MATERIAL
LA50-MAPU,568,B,MAPU,MA,PU,UNKNOWN_COLOR
LA51-MAPU,567,A,MAPU,MA,PU,UNKNOWN_COLOR
LA54-MAPU,568,B,MAPU,MA,PU,UNKNOWN_COLOR
LA56-MAPT,567,A,MAPT,MA,PT,UNKNOWN_COLOR
LA57-MAPT,557,A,MAPT,MA,PT,UNKNOWN_COLOR
LA63-MAPU,568,B,MAPU,MA,PU,UNKNOWN_COLOR
LA86-MAPT,568,B,MAPT,MA,PT,UNKNOWN_COLOR
LA91-KHPU,567,B,KHPU,KH,PU,UNKNOWN_COLOR
LA94-KHPU,568,B,KHPU,KH,PU,UNKNOWN_COLOR
LA99-KHPU,568,A,KHPU,KH,PU,UNKNOWN_COLOR
LADYSKATEBK,556,6,TEBK,TE,BK,UNKNOWN_COLOR;UNKNOWN_MATERIAL
LADYSKATEPKBBBL,556,1,BBBL,BB,BL,UNKNOWN_COLOR;UNKNOWN_MATERIAL
LADYSKATEWH,556,6,TEWH,TE,WH,UNKNOWN_COLOR;UNKNOWN_MATERIAL
LADYSKATEWHBBBL,556,1,BBBL,BB,BL,UNKNOWN_COLOR;UNKNOWN_MATERIAL
LADYSKATEWHBK,556,6,WHBK,WH,BK,UNKNOWN_MATERIAL
LADYSKATEWHGY,556,6,WHGY,WH,GY,UNKNOWN_MATERIAL
LADYSKATEWHKH,556,6,WHKH,WH,KH,UNKNOWN_MATERIAL
LADYSKATEWHPK,556,6,WHPK,WH,PK,UNKNOWN_MATERIAL
LARCH-SLPPU,567,6,LPPU,LP,PU,UNKNOWN_COLOR
LCL19APPU,558,6,APPU,AP,PU,UNKNOWN_COLOR
LCL19KHPU,558,6,KHPU,KH,PU,UNKNOWN_COLOR
LE256APPT,568,A,APPT,AP,PT,UNKNOWN_COLOR
LE3KHPU,568,A,KHPU,KH,PU,UNKNOWN_COLOR
LEISURE2BKBK,576,7,BKBK,BK,BK,UNKNOWN_MATERIAL
LEISURE2BKWH,576,7,BKWH,BK,WH,UNKNOWN_MATERIAL
LEISUREBKBK,576,7,BKBK,BK,BK,UNKNOWN_MATERIAL
LEISUREBKWH,576,7,BKWH,BK,WH,UNKNOWN_MATERIAL
LEISUREBUBKBK,576,7,BKBK,BK,BK,UNKNOWN_MATERIAL
LEISURELYBKBK,576,7,BKBK,BK,BK,UNKNOWN_MATERIAL
LEISURELYBKWH,576,7,BKWH,BK,WH,UNKNOWN_MATERIAL
LESSA86SL,567,1,86SL,86,SL,UNKNOWN_COLOR;UNKNOWN_MATERIAL
LEXI21CML,586,1,1CML,1C,ML,UNKNOWN_MATERIAL
LEXI23BO,586,1,23BO,23,BO,UNKNOWN_COLOR;UNKNOWN_MATERIAL
LIASON23BSPU,558,7,BSPU,BS,PU,UNKNOWN_COLOR
LIDDYGD,597,5,DYGD,DY,GD,UNKNOWN_COLOR;UNKNOWN_MATERIAL
LIDSL,597,5,IDSL,ID,SL,UNKNOWN_COLOR;UNKNOWN_MATERIAL
LISSA055BLA-BKG,567,2,-BKG,,,NONSTANDARD_SUFFIX
LISSA055BLA-CPG,567,2,-CPG,,,NONSTANDARD_SUFFIX
LISSA055BLA-SLG,567,2,-SLG,,,NONSTANDARD_SUFFIX
LISSA064BLABGE,568,2,ABGE,AB,GE,UNKNOWN_COLOR;UNKNOWN_MATERIAL
LISSA126BLA-BKP,568,2,-BKP,,,NONSTANDARD_SUFFIX
LISSA126BLA-GDM,568,2,-GDM,,,NONSTANDARD_SUFFIX
LISSA126BLA-NDP,568,2,-NDP,,,NONSTANDARD_SUFFIX
LISSA126BLA-SLM,568,2,-SLM,,,NONSTANDARD_SUFFIX
LISSA127BLABGE,568,2,ABGE,AB,GE,UNKNOWN_COLOR;UNKNOWN_MATERIAL
LISSA127BLABLK,568,2,ABLK,AB,LK,UNKNOWN_COLOR;UNKNOWN_MATERIAL
LISSA127BLA-GD,568,2,A-GD,,,NONSTANDARD_SUFFIX
LISSA127BLA-SL,568,2,A-SL,,,NONSTANDARD_SUFFIX
LISSA132BLABGE,567,2,ABGE,AB,GE,UNKNOWN_COLOR;UNKNOWN_MATERIAL
LISSA132BLABLK,567,2,ABLK,AB,LK,UNKNOWN_COLOR;UNKNOWN_MATERIAL
LISSA132BLA-ND,567,2,A-ND,,,NONSTANDARD_SUFFIX
LISSA132BLA-NV,567,2,A-NV,,,NONSTANDARD_SUFFIX
LISSA132BLARED,567,2,ARED,AR,ED,UNKNOWN_COLOR;UNKNOWN_MATERIAL
LISSA155BLA-BEP,567,2,-BEP,,,NONSTANDARD_SUFFIX
LISSA155BLA-BKP,567,2,-BKP,,,NONSTANDARD_SUFFIX
LISSA155BLA-GDP,567,2,-GDP,,,NONSTANDARD_SUFFIX
LISSA155BLA-PKP,567,2,-PKP,,,NONSTANDARD_SUFFIX
LISSA155BLA-RDP,567,2,-RDP,,,NONSTANDARD_SUFFIX
LISSA157LA-MEPU,567,1,MEPU,ME,PU,UNKNOWN_COLOR
LISSA293BLA-BEP,568,2,-BEP,,,NONSTANDARD_SUFFIX
LISSA293BLA-BKP,568,2,-BKP,,,NONSTANDARD_SUFFIX
LISSA293BLA-FUP,568,2,-FUP,,,NONSTANDARD_SUFFIX
LISSA293BLA-GNP,568,2,-GNP,,,NONSTANDARD_SUFFIX
LISSA293BLA-NVP,568,2,-NVP,,,NONSTANDARD_SUFFIX
LISSA296BLA-CPG,568,2,-CPG,,,NONSTANDARD_SUFFIX
LISSA296BLA-GDG,568,2,-GDG,,,NONSTANDARD_SUFFIX
LISSA296BLA-SLG,568,2,-SLG,,,NONSTANDARD_SUFFIX
LISSA298BLA-BKP,568,2,-BKP,,,NONSTANDARD_SUFFIX
LISSA298BLA-CFP,568,2,-CFP,,,NONSTANDARD_SUFFIX
LISSA298BLA-GDP,568,2,-GDP,,,NONSTANDARD_SUFFIX
LISSA301BLA-BEP,567,2,-BEP,,,NONSTANDARD_SUFFIX
LISSA301BLA-BKP,567,2,-BKP,,,NONSTANDARD_SUFFIX
LISSA301BLA-RDP,567,2,-RDP,,,NONSTANDARD_SUFFIX
LISSA302BLA-BEP,567,2,-BEP,,,NONSTANDARD_SUFFIX
LISSA302BLA-BKP,567,2,-BKP,,,NONSTANDARD_SUFFIX
LISSA302BLA-RDP,567,2,-RDP,,,NONSTANDARD_SUFFIX
LISSA302LA-BE,567,2,A-BE,,,NONSTANDARD_SUFFIX
LISSA302LA-BK,567,2,A-BK,,,NONSTANDARD_SUFFIX
LISSA302LA-RD,567,2,A-RD,,,NONSTANDARD_SUFFIX
LISSA305LA-BK,567,2,A-BK,,,NONSTANDARD_SUFFIX
LISSA305LA-GD,567,2,A-GD,,,NONSTANDARD_SUFFIX
LISSA305LA-SL,567,2,A-SL,,,NONSTANDARD_SUFFIX
LISSA307BLA-CPM,567,2,-CPM,,,NONSTANDARD_SUFFIX
LISSA307BLA-GDM,567,2,-GDM,,,NONSTANDARD_SUFFIX
LISSA307BLA-PWM,567,2,-PWM,,,NONSTANDARD_SUFFIX
LISSA314BLA-BEP,567,2,-BEP,,,NONSTANDARD_SUFFIX
LISSA314BLA-BKP,567,2,-BKP,,,NONSTANDARD_SUFFIX
LISSA319BLA-GDM,568,2,-GDM,,,NONSTANDARD_SUFFIX
LISSA319BLA-SLM,568,2,-SLM,,,NONSTANDARD_SUFFIX
LISSA322BLA-BKP,567,2,-BKP,,,NONSTANDARD_SUFFIX
LISSA322BLA-CFP,567,2,-CFP,,,NONSTANDARD_SUFFIX
LISSA322BLA-NDP,567,2,-NDP,,,NONSTANDARD_SUFFIX
LISSA324BLA-BEP,567,2,-BEP,,,NONSTANDARD_SUFFIX
LISSA324BLA-BKP,567,2,-BKP,,,NONSTANDARD_SUFFIX
LISSA332BLA-BK,567,2,A-BK,,,NONSTANDARD_SUFFIX
LISSA332BLA-ND,567,2,A-ND,,,NONSTANDARD_SUFFIX
LISSA355BLA-BEP,567,2,-BEP,,,NONSTANDARD_SUFFIX
LISSA355BLA-BKP,567,2,-BKP,,,NONSTANDARD_SUFFIX
LISSA369BLA-BEP,568,2,-BEP,,,NONSTANDARD_SUFFIX
LISSA369BLA-BKP,568,2,-BKP,,,NONSTANDARD_SUFFIX
LISSA380BLA-BEP,568,2,-BEP,,,NONSTANDARD_SUFFIX
LISSA380BLA-BKP,568,2,-BKP,,,NONSTANDARD_SUFFIX
LISSA380BLA-CAP,568,2,-CAP,,,NONSTANDARD_SUFFIX
LISSA400BLA-BEP,567,2,-BEP,,,NONSTANDARD_SUFFIX
LISSA400BLA-BKP,567,2,-BKP,,,NONSTANDARD_SUFFIX
LISSA400BLA-NVP,567,2,-NVP,,,NONSTANDARD_SUFFIX
LISSA408BLA-BEP,567,2,-BEP,,,NONSTANDARD_SUFFIX
LISSA408BLA-BKP,567,2,-BKP,,,NONSTANDARD_SUFFIX
LISSA408BLA-RDP,567,2,-RDP,,,NONSTANDARD_SUFFIX
LISSA442BLA-BKP,567,2,-BKP,,,NONSTANDARD_SUFFIX
LISSA442BLA-CAP,567,2,-CAP,,,NONSTANDARD_SUFFIX
LISSA444BLA-BKP,567,2,-BKP,,,NONSTANDARD_SUFFIX
LISSA444BLA-CAP,567,2,-CAP,,,NONSTANDARD_SUFFIX
LISSA446LA-BK,567,2,A-BK,,,NONSTANDARD_SUFFIX
LISSA447LA-BK,567,2,A-BK,,,NONSTANDARD_SUFFIX
LISSA448BLA-BEP,567,2,-BEP,,,NONSTANDARD_SUFFIX
LISSA448BLA-BKP,567,2,-BKP,,,NONSTANDARD_SUFFIX
LISSA454LA-BK,567,2,A-BK,,,NONSTANDARD_SUFFIX
LISSA455LA-BK,567,2,A-BK,,,NONSTANDARD_SUFFIX
LISSA489BLA-BKP,568,2,-BKP,,,NONSTANDARD_SUFFIX
LISSA489BLA-NDP,568,2,-NDP,,,NONSTANDARD_SUFFIX
LISSA490BLA-BEP,568,2,-BEP,,,NONSTANDARD_SUFFIX
LISSA490BLA-BKP,568,2,-BKP,,,NONSTANDARD_SUFFIX
LISSA491BLA-GDM,567,2,-GDM,,,NONSTANDARD_SUFFIX
LISSA491BLA-SLM,567,2,-SLM,,,NONSTANDARD_SUFFIX
LISSA492BLA-BEP,567,2,-BEP,,,NONSTANDARD_SUFFIX
LISSA492BLA-BKP,567,2,-BKP,,,NONSTANDARD_SUFFIX
LISSA492BLA-FUP,567,2,-FUP,,,NONSTANDARD_SUFFIX
LISSA492BLA-GNP,567,2,-GNP,,,NONSTANDARD_SUFFIX
LISSA493BLA-BKP,567,2,-BKP,,,NONSTANDARD_SUFFIX
LISSA493BLA-CFP,567,2,-CFP,,,NONSTANDARD_SUFFIX
LISSA558-CPGL,566,6,CPGL,CP,GL,UNKNOWN_COLOR
LISSY-BSSD,596,1,BSSD,BS,SD,UNKNOWN_COLOR
LOLAMARD,597,5,MARD,MA,RD,UNKNOWN_COLOR;UNKNOWN_MATERIAL
LOLAMASL,597,5,MASL,MA,SL,UNKNOWN_COLOR;UNKNOWN_MATERIAL
LOLARD,597,5,LARD,LA,RD,UNKNOWN_COLOR;UNKNOWN_MATERIAL
LOLASL,597,5,LASL,LA,SL,UNKNOWN_COLOR;UNKNOWN_MATERIAL
LOONAS-MGPU,566,5,MGPU,MG,PU,UNKNOWN_COLOR
LORIS086BK,586,7,86BK,86,BK,UNKNOWN_COLOR;UNKNOWN_MATERIAL
LORIS086CHP,586,7,6CHP,6C,HP,UNKNOWN_COLOR;UNKNOWN_MATERIAL
LORIS086LI,586,7,86LI,86,LI,UNKNOWN_COLOR;UNKNOWN_MATERIAL
LORIS086PKGD,586,7,PKGD,PK,GD,UNKNOWN_MATERIAL
LP124001BK,556,6,01BK,01,BK,UNKNOWN_COLOR;UNKNOWN_MATERIAL
LP124002BK,556,6,02BK,02,BK,UNKNOWN_COLOR;UNKNOWN_MATERIAL
LP124003BK,556,6,03BK,03,BK,UNKNOWN_COLOR;UNKNOWN_MATERIAL
LUCINDA-1BKFI,585,5,BKFI,BK,FI,UNKNOWN_MATERIAL
LUCINDA-1WHFI,585,5,WHFI,WH,FI,UNKNOWN_MATERIAL
LUCYASRAFND,585,5,AFND,AF,ND,UNKNOWN_COLOR;UNKNOWN_MATERIAL
LUCYSBKNBPU,585,5,NBPU,NB,PU,UNKNOWN_COLOR
LUCYSGD,585,5,YSGD,YS,GD,UNKNOWN_COLOR;UNKNOWN_MATERIAL
LY216BE,592,1,16BE,16,BE,UNKNOWN_COLOR;UNKNOWN_MATERIAL
LY216BK,592,2,16BK,16,BK,UNKNOWN_COLOR;UNKNOWN_MATERIAL
LY216DKBN,592,1,DKBN,DK,BN,UNKNOWN_COLOR;UNKNOWN_MATERIAL
LY216GN,592,1,16GN,16,GN,UNKNOWN_COLOR;UNKNOWN_MATERIAL
M02-3PRGL,567,6,PRGL,PR,GL,UNKNOWN_COLOR
M03-1DKBE,567,6,DKBE,DK,BE,UNKNOWN_COLOR;UNKNOWN_MATERIAL
M03-1LTBE,567,6,LTBE,LT,BE,UNKNOWN_COLOR;UNKNOWN_MATERIAL
M04-4DKBE,568,6,DKBE,DK,BE,UNKNOWN_COLOR;UNKNOWN_MATERIAL
M04-4LTBE,568,6,LTBE,LT,BE,UNKNOWN_COLOR;UNKNOWN_MATERIAL
M04-5CPGL,568,6,CPGL,CP,GL,UNKNOWN_COLOR
M04-6CPGL,568,6,CPGL,CP,GL,UNKNOWN_COLOR
M04-8DKBE,567,6,DKBE,DK,BE,UNKNOWN_COLOR;UNKNOWN_MATERIAL
M2007WHBL,556,3,WHBL,WH,BL,UNKNOWN_MATERIAL
M2007WHGN,556,3,WHGN,WH,GN,UNKNOWN_MATERIAL
M2007WHOG,556,3,WHOG,WH,OG,UNKNOWN_MATERIAL
M2007WHPK,556,3,WHPK,WH,PK,UNKNOWN_MATERIAL
M2007WHPR,556,3,WHPR,WH,PR,UNKNOWN_MATERIAL
M2008BN,556,2,08BN,08,BN,UNKNOWN_COLOR;UNKNOWN_MATERIAL
M2008WH,556,2,08WH,08,WH,UNKNOWN_COLOR;UNKNOWN_MATERIAL
M3012BK,556,2,12BK,12,BK,UNKNOWN_COLOR;UNKNOWN_MATERIAL
M6235BK,556,2,35BK,35,BK,UNKNOWN_COLOR;UNKNOWN_MATERIAL
M7309BE,592,5,09BE,09,BE,UNKNOWN_COLOR;UNKNOWN_MATERIAL
M7309BK,592,5,09BK,09,BK,UNKNOWN_COLOR;UNKNOWN_MATERIAL
M970-PRPU,556,2,PRPU,PR,PU,UNKNOWN_COLOR
M972WHBK,556,3,WHBK,WH,BK,UNKNOWN_MATERIAL
M972WHBL,556,3,WHBL,WH,BL,UNKNOWN_MATERIAL
M972WHPK,556,3,WHPK,WH,PK,UNKNOWN_MATERIAL
M972WHRD,556,3,WHRD,WH,RD,UNKNOWN_MATERIAL
M988BKSNK,556,2,KSNK,KS,NK,UNKNOWN_COLOR;UNKNOWN_MATERIAL
M988GYSNK,556,2,YSNK,YS,NK,UNKNOWN_COLOR;UNKNOWN_MATERIAL
M988PKSNK,556,2,KSNK,KS,NK,UNKNOWN_COLOR;UNKNOWN_MATERIAL
M995WHBK,556,3,WHBK,WH,BK,UNKNOWN_MATERIAL
M995WHFLT,556,3,HFLT,HF,LT,UNKNOWN_COLOR
M995WHPK,556,3,WHPK,WH,PK,UNKNOWN_MATERIAL
M995WHSL,556,3,WHSL,WH,SL,UNKNOWN_MATERIAL
M996WHBK,556,3,WHBK,WH,BK,UNKNOWN_MATERIAL
M996WHBL,556,3,WHBL,WH,BL,UNKNOWN_MATERIAL
M996WHGN,556,3,WHGN,WH,GN,UNKNOWN_MATERIAL
M996WHOG,556,3,WHOG,WH,OG,UNKNOWN_MATERIAL
M996WHPK,556,3,WHPK,WH,PK,UNKNOWN_MATERIAL
MACEYAS-ORPU,566,5,ORPU,OR,PU,UNKNOWN_COLOR
MACEYS-LEOPU,567,6,EOPU,EO,PU,UNKNOWN_COLOR
MAIN-29-NTEP,580,7,NTEP,NT,EP,UNKNOWN_COLOR;UNKNOWN_MATERIAL
MALAGAGD,567,2,GAGD,GA,GD,UNKNOWN_COLOR;UNKNOWN_MATERIAL
MALAGASL,567,2,GASL,GA,SL,UNKNOWN_COLOR;UNKNOWN_MATERIAL
MANNERS-LEOPU,566,6,EOPU,EO,PU,UNKNOWN_COLOR
MARISSA068BLABK,557,2,LABK,LA,BK,UNKNOWN_COLOR;UNKNOWN_MATERIAL
MARISSA068BLAGD,557,2,LAGD,LA,GD,UNKNOWN_COLOR;UNKNOWN_MATERIAL
MARISSA068BLAMS,557,2,LAMS,LA,MS,UNKNOWN_COLOR
MARISSA068BLAND,557,2,LAND,LA,ND,UNKNOWN_COLOR;UNKNOWN_MATERIAL
MARISSA071BLABE,557,2,LABE,LA,BE,UNKNOWN_COLOR;UNKNOWN_MATERIAL
MARISSA071BLABK,557,2,LABK,LA,BK,UNKNOWN_COLOR;UNKNOWN_MATERIAL
MARISSA071BLAGY,557,2,LAGY,LA,GY,UNKNOWN_COLOR;UNKNOWN_MATERIAL
MARISSA071BLARD,557,2,LARD,LA,RD,UNKNOWN_COLOR;UNKNOWN_MATERIAL
MARISSA101-CPPU,557,1,CPPU,CP,PU,UNKNOWN_COLOR
MARISSA107BLABK,576,2,LABK,LA,BK,UNKNOWN_COLOR;UNKNOWN_MATERIAL
MARISSA107BLAND,576,2,LAND,LA,ND,UNKNOWN_COLOR;UNKNOWN_MATERIAL
MARISSA108BLABE,576,2,LABE,LA,BE,UNKNOWN_COLOR;UNKNOWN_MATERIAL
MARISSA108BLABK,576,2,LABK,LA,BK,UNKNOWN_COLOR;UNKNOWN_MATERIAL
MARISSA116BLABE,557,2,LABE,LA,BE,UNKNOWN_COLOR;UNKNOWN_MATERIAL
MARISSA116BLABK,557,2,LABK,LA,BK,UNKNOWN_COLOR;UNKNOWN_MATERIAL
MARISSA116BLAPW,557,2,LAPW,LA,PW,UNKNOWN_COLOR;UNKNOWN_MATERIAL
MARISSA116LA-CP,557,2,A-CP,,,NONSTANDARD_SUFFIX
MARISSA116LA-PW,557,2,A-PW,,,NONSTANDARD_SUFFIX
MARISSA121LA-BK,557,2,A-BK,,,NONSTANDARD_SUFFIX
MARISSA121LA-CA,557,2,A-CA,,,NONSTANDARD_SUFFIX
MARISSA216-CPME,557,6,CPME,CP,ME,UNKNOWN_COLOR
MARISSA216-PWME,557,6,PWME,PW,ME,UNKNOWN_COLOR
MARISSA228-DNPU,557,6,DNPU,DN,PU,UNKNOWN_COLOR
MARISSA231-BZPU,557,6,BZPU,BZ,PU,UNKNOWN_COLOR
MARTHABK,576,2,HABK,HA,BK,UNKNOWN_COLOR;UNKNOWN_MATERIAL
MARTHAGD,576,2,HAGD,HA,GD,UNKNOWN_COLOR;UNKNOWN_MATERIAL
MARTHASL,576,2,HASL,HA,SL,UNKNOWN_COLOR;UNKNOWN_MATERIAL
MAXIMUM-04-BSPU,576,1,BSPU,BS,PU,UNKNOWN_COLOR
MAXIMUM-04-TPPU,576,1,TPPU,TP,PU,UNKNOWN_COLOR
MEDUSA88SL,586,1,88SL,88,SL,UNKNOWN_COLOR;UNKNOWN_MATERIAL
MELANYS-BDNB,580,2,BDNB,BD,NB,UNKNOWN_COLOR
MISHA-1-TPNB,568,2,TPNB,TP,NB,UNKNOWN_COLOR
MONTANA-40KPRME,597,5,PRME,PR,ME,UNKNOWN_COLOR
MP2152BAWH,585,1,BAWH,BA,WH,UNKNOWN_COLOR;UNKNOWN_MATERIAL
MP2152BLBL,586,1,BLBL,BL,BL,UNKNOWN_MATERIAL
MP2152JNYL,585,1,JNYL,JN,YL,UNKNOWN_COLOR;UNKNOWN_MATERIAL
MP2152NRBK,586,1,NRBK,NR,BK,UNKNOWN_COLOR;UNKNOWN_MATERIAL
MP2152ROPK,585,1,ROPK,RO,PK,UNKNOWN_COLOR;UNKNOWN_MATERIAL
MP2154NRBK,585,1,NRBK,NR,BK,UNKNOWN_COLOR;UNKNOWN_MATERIAL
MP2154NUND,585,1,NUND,NU,ND,UNKNOWN_COLOR;UNKNOWN_MATERIAL
MP2154ROPK,585,1,ROPK,RO,PK,UNKNOWN_COLOR;UNKNOWN_MATERIAL
MR13BK,592,5,13BK,13,BK,UNKNOWN_COLOR;UNKNOWN_MATERIAL
MR13KH,592,5,13KH,13,KH,UNKNOWN_COLOR;UNKNOWN_MATERIAL
MR20BK,592,5,20BK,20,BK,UNKNOWN_COLOR;UNKNOWN_MATERIAL
MR20CML,592,5,0CML,0C,ML,UNKNOWN_COLOR;UNKNOWN_MATERIAL
MR21BK,592,5,21BK,21,BK,UNKNOWN_COLOR;UNKNOWN_MATERIAL
MR21CML,592,5,1CML,1C,ML,UNKNOWN_MATERIAL
MR21CRM,592,5,1CRM,1C,RM,UNKNOWN_MATERIAL
MR9BK,592,5,R9BK,R9,BK,UNKNOWN_COLOR;UNKNOWN_MATERIAL
MR9CML,592,5,9CML,9C,ML,UNKNOWN_COLOR;UNKNOWN_MATERIAL
MURPHY-23-BEWH,562,1,BEWH,BE,WH,UNKNOWN_MATERIAL
N115-MQLCHL,558,1,LCHL,LC,HL,UNKNOWN_COLOR;UNKNOWN_MATERIAL
N203KHTE,556,5,KHTE,KH,TE,UNKNOWN_COLOR
N205BK,556,2,05BK,05,BK,UNKNOWN_COLOR;UNKNOWN_MATERIAL
NATALY-58TPNB,567,4,TPNB,TP,NB,UNKNOWN_COLOR
NEENAS-SL,568,5,S-SL,,,NONSTANDARD_SUFFIX
NH510-97CPME,568,3,CPME,CP,ME,UNKNOWN_COLOR
NILE38SLMTL,566,4,LMTL,LM,TL,UNKNOWN_COLOR;UNKNOWN_MATERIAL
NN024-BKPL.,567,3,KPL.,,,NONSTANDARD_SUFFIX
NN04-TPPT,576,3,TPPT,TP,PT,UNKNOWN_COLOR
NN16-PWME,566,3,PWME,PW,ME,UNKNOWN_COLOR
NN20230810,556,2,0810,08,10,UNKNOWN_COLOR;UNKNOWN_MATERIAL
NN202308101,556,2,8101,81,01,UNKNOWN_COLOR;UNKNOWN_MATERIAL
NN24-TPPU,566,3,TPPU,TP,PU,UNKNOWN_COLOR
NOBLES-BOPU,580,2,BOPU,BO,PU,UNKNOWN_COLOR
OK25BK,567,5,25BK,25,BK,UNKNOWN_COLOR;UNKNOWN_MATERIAL
OK25CML,567,5,5CML,5C,ML,UNKNOWN_COLOR;UNKNOWN_MATERIAL
OK26BE,567,5,26BE,26,BE,UNKNOWN_COLOR;UNKNOWN_MATERIAL
OK26BK,567,5,26BK,26,BK,UNKNOWN_COLOR;UNKNOWN_MATERIAL
OK33BK,567,5,33BK,33,BK,UNKNOWN_COLOR;UNKNOWN_MATERIAL
OK49BK,567,8,49BK,49,BK,UNKNOWN_COLOR;UNKNOWN_MATERIAL
OK49KHPU,567,8,KHPU,KH,PU,UNKNOWN_COLOR
OK60BK,558,5,60BK,60,BK,UNKNOWN_COLOR;UNKNOWN_MATERIAL
OK60BL,558,5,60BL,60,BL,UNKNOWN_COLOR;UNKNOWN_MATERIAL
OK60CML,558,5,0CML,0C,ML,UNKNOWN_COLOR;UNKNOWN_MATERIAL
OK67KHPU,558,6,KHPU,KH,PU,UNKNOWN_COLOR
OK71CPPT,568,B,CPPT,CP,PT,UNKNOWN_COLOR
OK85KHPU,567,8,KHPU,KH,PU,UNKNOWN_COLOR
OK92CPPU,567,A,CPPU,CP,PU,UNKNOWN_COLOR
OK93KHPU,567,B,KHPU,KH,PU,UNKNOWN_COLOR
OK95CPPU,567,8,CPPU,CP,PU,UNKNOWN_COLOR
OK96KHPU,567,8,KHPU,KH,PU,UNKNOWN_COLOR
OM2522CPME,567,9,CPME,CP,ME,UNKNOWN_COLOR
OM2523CPME,567,9,CPME,CP,ME,UNKNOWN_COLOR
OM252CFPU,593,9,CFPU,CF,PU,UNKNOWN_COLOR
OM2530CPPU,566,9,CPPU,CP,PU,UNKNOWN_COLOR
OM253KHSD,593,9,KHSD,KH,SD,UNKNOWN_COLOR
ORIGIN-1BSSA,568,5,BSSA,BS,SA,UNKNOWN_COLOR
PAMBK,556,2,AMBK,AM,BK,UNKNOWN_COLOR;UNKNOWN_MATERIAL
PAMELA-1-CPGL,573,2,CPGL,CP,GL,UNKNOWN_COLOR
PAMYBK,556,2,MYBK,MY,BK,UNKNOWN_COLOR;UNKNOWN_MATERIAL
PRESENT-74-TPTE,557,7,TPTE,TP,TE,UNKNOWN_COLOR
PT5111KHTE,557,B,KHTE,KH,TE,UNKNOWN_COLOR
PT5118KHTE,557,B,KHTE,KH,TE,UNKNOWN_COLOR
PT5123KHPU,559,B,KHPU,KH,PU,UNKNOWN_COLOR
QQ11APPU,576,8,APPU,AP,PU,UNKNOWN_COLOR
QQ12KHPU,576,6,KHPU,KH,PU,UNKNOWN_COLOR
QQ13APSD,558,8,APSD,AP,SD,UNKNOWN_COLOR
QQ1AP,558,5,Q1AP,Q1,AP,UNKNOWN_COLOR;UNKNOWN_MATERIAL
QQ1BK,558,5,Q1BK,Q1,BK,UNKNOWN_COLOR;UNKNOWN_MATERIAL
QQ1CML,558,5,1CML,1C,ML,UNKNOWN_MATERIAL
QQ1CPPU,558,6,CPPU,CP,PU,UNKNOWN_COLOR
QQ1KHPU,558,6,KHPU,KH,PU,UNKNOWN_COLOR
QQ1PK,558,5,Q1PK,Q1,PK,UNKNOWN_COLOR;UNKNOWN_MATERIAL
QQ22APPT,559,A,APPT,AP,PT,UNKNOWN_COLOR
QQ25APPU,559,A,APPU,AP,PU,UNKNOWN_COLOR
QQ25KHPU,559,A,KHPU,KH,PU,UNKNOWN_COLOR
QQ26KHSD,559,A,KHSD,KH,SD,UNKNOWN_COLOR
QQ2KHPU,558,6,KHPU,KH,PU,UNKNOWN_COLOR
QQ2SPPU,558,6,SPPU,SP,PU,UNKNOWN_COLOR
QQ5BK,558,5,Q5BK,Q5,BK,UNKNOWN_COLOR;UNKNOWN_MATERIAL
QQ5CML,558,5,5CML,5C,ML,UNKNOWN_COLOR;UNKNOWN_MATERIAL
QQ5KH,558,5,Q5KH,Q5,KH,UNKNOWN_COLOR;UNKNOWN_MATERIAL
QQ6KHSD,559,6,KHSD,KH,SD,UNKNOWN_COLOR
QQ788DKH,558,6,8DKH,8D,KH,UNKNOWN_COLOR;UNKNOWN_MATERIAL
QQ7APPU,558,6,APPU,AP,PU,UNKNOWN_COLOR
QQ7BK,558,5,Q7BK,Q7,BK,UNKNOWN_COLOR;UNKNOWN_MATERIAL
QQ7CML,558,5,7CML,7C,ML,UNKNOWN_COLOR;UNKNOWN_MATERIAL
QQ7KH,558,5,Q7KH,Q7,KH,UNKNOWN_COLOR;UNKNOWN_MATERIAL
QQ7NV,558,5,Q7NV,Q7,NV,UNKNOWN_COLOR;UNKNOWN_MATERIAL
QQ8APPU,576,8,APPU,AP,PU,UNKNOWN_COLOR
QQ8KHPU,576,8,KHPU,KH,PU,UNKNOWN_COLOR
QQ9KHSD,576,6,KHSD,KH,SD,UNKNOWN_COLOR
QY055BK,556,6,55BK,55,BK,UNKNOWN_COLOR;UNKNOWN_MATERIAL
QY055BKFU,556,6,BKFU,BK,FU,UNKNOWN_MATERIAL
QY055BKRD,556,6,BKRD,BK,RD,UNKNOWN_MATERIAL
R11KHPT,559,B,KHPT,KH,PT,UNKNOWN_COLOR
R15KHPU,559,B,KHPU,KH,PU,UNKNOWN_COLOR
R3158BKCHL,564,1,KCHL,KC,HL,UNKNOWN_COLOR;UNKNOWN_MATERIAL
R3158MQCHL,564,1,QCHL,QC,HL,UNKNOWN_COLOR;UNKNOWN_MATERIAL
R3271BKCHL,564,1,KCHL,KC,HL,UNKNOWN_COLOR;UNKNOWN_MATERIAL
R3271CMLCHL,564,1,LCHL,LC,HL,UNKNOWN_COLOR;UNKNOWN_MATERIAL
R3272BKCHL,564,1,KCHL,KC,HL,UNKNOWN_COLOR;UNKNOWN_MATERIAL
R3272NDCHL,564,1,DCHL,DC,HL,UNKNOWN_COLOR;UNKNOWN_MATERIAL
R3803BK,591,5,03BK,03,BK,UNKNOWN_COLOR;UNKNOWN_MATERIAL
R3803BN,591,5,03BN,03,BN,UNKNOWN_COLOR;UNKNOWN_MATERIAL
R6557BK,591,5,57BK,57,BK,UNKNOWN_COLOR;UNKNOWN_MATERIAL
R6557BN,591,5,57BN,57,BN,UNKNOWN_COLOR;UNKNOWN_MATERIAL
R8KHPU,558,8,KHPU,KH,PU,UNKNOWN_COLOR
RACHELBK,567,2,ELBK,EL,BK,UNKNOWN_COLOR;UNKNOWN_MATERIAL
RACHELND,567,2,ELND,EL,ND,UNKNOWN_COLOR;UNKNOWN_MATERIAL
RACHELNV,567,2,ELNV,EL,NV,UNKNOWN_COLOR;UNKNOWN_MATERIAL
RACHELSL,566,2,ELSL,EL,SL,UNKNOWN_COLOR;UNKNOWN_MATERIAL
RAISE-04FUWH,556,7,FUWH,FU,WH,UNKNOWN_MATERIAL
RAISE-04GYWH,556,7,GYWH,GY,WH,UNKNOWN_MATERIAL
RAISE-04MTPU,556,7,MTPU,MT,PU,UNKNOWN_COLOR
RAISE-04MVWH,556,4,MVWH,MV,WH,UNKNOWN_COLOR;UNKNOWN_MATERIAL
RAISE-04RDWH,556,7,RDWH,RD,WH,UNKNOWN_MATERIAL
REGARD52BE,586,1,52BE,52,BE,UNKNOWN_COLOR;UNKNOWN_MATERIAL
REGARD52BK,586,1,52BK,52,BK,UNKNOWN_COLOR;UNKNOWN_MATERIAL
REGARD52TN,586,1,52TN,52,TN,UNKNOWN_COLOR;UNKNOWN_MATERIAL
REINAS-BOPU,577,2,BOPU,BO,PU,UNKNOWN_COLOR
REXX01BK,556,3,01BK,01,BK,UNKNOWN_COLOR;UNKNOWN_MATERIAL
REXX01BO,556,1,01BO,01,BO,UNKNOWN_COLOR;UNKNOWN_MATERIAL
REXX01KBK,596,1,1KBK,1K,BK,UNKNOWN_COLOR;UNKNOWN_MATERIAL
REXX01KBO,596,1,1KBO,1K,BO,UNKNOWN_COLOR;UNKNOWN_MATERIAL
REXX01KWHT,596,1,KWHT,KW,HT,UNKNOWN_COLOR;UNKNOWN_MATERIAL
REXX01WH,556,3,01WH,01,WH,UNKNOWN_COLOR;UNKNOWN_MATERIAL
REXX02BKWH,556,3,BKWH,BK,WH,UNKNOWN_MATERIAL
REXX02KBKWH,596,3,BKWH,BK,WH,UNKNOWN_MATERIAL
REXX02KMT,596,1,2KMT,2K,MT,UNKNOWN_COLOR
REXX02KPKWH,596,1,PKWH,PK,WH,UNKNOWN_MATERIAL
REXX02KPRBL,596,1,PRBL,PR,BL,UNKNOWN_COLOR;UNKNOWN_MATERIAL
REXX02PKWH,556,1,PKWH,PK,WH,UNKNOWN_MATERIAL
REXX-08-BKWH,556,7,BKWH,BK,WH,UNKNOWN_MATERIAL
REXX-08-GDWH,556,7,GDWH,GD,WH,UNKNOWN_MATERIAL
RILEY-78-CPGL,567,1,CPGL,CP,GL,UNKNOWN_COLOR
RISE-24-GDMI,567,1,GDMI,GD,MI,UNKNOWN_MATERIAL
RISE-24-SLMI,567,1,SLMI,SL,MI,UNKNOWN_MATERIAL
RISE-7-AGPT,567,1,AGPT,AG,PT,UNKNOWN_COLOR
RISE-7-CPMT,567,1,CPMT,CP,MT,UNKNOWN_COLOR
ROFFEE-BSNB,560,1,BSNB,BS,NB,UNKNOWN_COLOR
ROFFEE-SDNB,560,1,SDNB,SD,NB,UNKNOWN_COLOR
ROPE-ONE-MVSD,577,3,MVSD,MV,SD,UNKNOWN_COLOR
ROPE-ONE-TNMSSD,577,3,MSSD,MS,SD,UNKNOWN_COLOR
ROPE-ONE-TNMVSD,577,3,MVSD,MV,SD,UNKNOWN_COLOR
ROPETSTRAP-MSSD,577,3,MSSD,MS,SD,UNKNOWN_COLOR
ROPE-TWO-MVPU,577,3,MVPU,MV,PU,UNKNOWN_COLOR
ROPE-TWO-YLPU,577,3,YLPU,YL,PU,UNKNOWN_COLOR
ROUND-13-BKWH,556,7,BKWH,BK,WH,UNKNOWN_MATERIAL
RUNNERS-CLPU,568,2,CLPU,CL,PU,UNKNOWN_COLOR
RUNNERS-YLPU,568,2,YLPU,YL,PU,UNKNOWN_COLOR
S36BK,556,1,36BK,36,BK,UNKNOWN_COLOR;UNKNOWN_MATERIAL
S36NV,556,1,36NV,36,NV,UNKNOWN_COLOR;UNKNOWN_MATERIAL
SA01-KHPU,556,A,KHPU,KH,PU,UNKNOWN_COLOR
SABINA-71K-CPGL,597,1,CPGL,CP,GL,UNKNOWN_COLOR
SABINA-82K-CPGL,597,1,CPGL,CP,GL,UNKNOWN_COLOR
SABRINA-SBK,567,6,-SBK,,,NONSTANDARD_SUFFIX
SABRINA-SPN,567,6,-SPN,,,NONSTANDARD_SUFFIX
SALVIA-8BSNB,586,4,BSNB,BS,NB,UNKNOWN_COLOR
SANDRA024LABE,576,2,LABE,LA,BE,UNKNOWN_COLOR;UNKNOWN_MATERIAL
SANDRA024LABK,576,2,LABK,LA,BK,UNKNOWN_COLOR;UNKNOWN_MATERIAL
SANDRA037LA-WH,576,2,A-WH,,,NONSTANDARD_SUFFIX
SANDRA050-CPPU,576,1,CPPU,CP,PU,UNKNOWN_COLOR
SANDRA050LA-BE,576,2,A-BE,,,NONSTANDARD_SUFFIX
SANDRA050LA-WH,576,2,A-WH,,,NONSTANDARD_SUFFIX
SANDRA052LA-BE,576,2,A-BE,,,NONSTANDARD_SUFFIX
SANDRA052LA-BK,576,2,A-BK,,,NONSTANDARD_SUFFIX
SANDRA054LABK,557,2,LABK,LA,BK,UNKNOWN_COLOR;UNKNOWN_MATERIAL
SANDRA069BLA-BK,576,2,A-BK,,,NONSTANDARD_SUFFIX
SANDRA095BLA-BE,576,2,A-BE,,,NONSTANDARD_SUFFIX
SANDRA095BLA-BK,576,2,A-BK,,,NONSTANDARD_SUFFIX
SANDRA095BLA-NV,576,2,A-NV,,,NONSTANDARD_SUFFIX
SANDRA095BLA-PK,576,2,A-PK,,,NONSTANDARD_SUFFIX
SANDRA097BLA-BE,576,2,A-BE,,,NONSTANDARD_SUFFIX
SANDRA097BLA-BK,576,2,A-BK,,,NONSTANDARD_SUFFIX
SANDRA107BLA-BE,576,2,A-BE,,,NONSTANDARD_SUFFIX
SANDRA107BLA-BK,576,2,A-BK,,,NONSTANDARD_SUFFIX
SANDRA108BLA-BK,576,2,A-BK,,,NONSTANDARD_SUFFIX
SANDRA108BLA-ND,576,2,A-ND,,,NONSTANDARD_SUFFIX
SANDRA108BLA-RD,576,2,A-RD,,,NONSTANDARD_SUFFIX
SANDRA115LA-BE,557,2,A-BE,,,NONSTANDARD_SUFFIX
SANDRA115LA-BK,557,2,A-BK,,,NONSTANDARD_SUFFIX
SANDRA118LA-BE,557,2,A-BE,,,NONSTANDARD_SUFFIX
SANDRA118LA-BK,557,2,A-BK,,,NONSTANDARD_SUFFIX
SANDRA119BLA-BE,576,2,A-BE,,,NONSTANDARD_SUFFIX
SANDRA119BLA-BK,576,2,A-BK,,,NONSTANDARD_SUFFIX
SANDRA120LA-GD,557,2,A-GD,,,NONSTANDARD_SUFFIX
SANDRA120LA-PW,557,2,A-PW,,,NONSTANDARD_SUFFIX
SANDRA121LA-BK,557,2,A-BK,,,NONSTANDARD_SUFFIX
SANDRA122LA-BE,557,2,A-BE,,,NONSTANDARD_SUFFIX
SANDRA122LA-BK,557,2,A-BK,,,NONSTANDARD_SUFFIX
SANDRA124LA-BK,567,2,A-BK,,,NONSTANDARD_SUFFIX
SANDRA144BLA-BE,576,2,A-BE,,,NONSTANDARD_SUFFIX
SANDRA144BLA-BK,576,2,A-BK,,,NONSTANDARD_SUFFIX
SANDRA144BLA-CA,576,2,A-CA,,,NONSTANDARD_SUFFIX
SCALLY-BSSD,596,1,BSSD,BS,SD,UNKNOWN_COLOR
SCALLY-TPSD,596,1,TPSD,TP,SD,UNKNOWN_COLOR
SEA-600CPME,567,A,CPME,CP,ME,UNKNOWN_COLOR
SF101-FWTE,556,2,FWTE,FW,TE,UNKNOWN_COLOR
SH006BK,593,1,06BK,06,BK,UNKNOWN_COLOR;UNKNOWN_MATERIAL
SHAREE-CEHL,596,1,CEHL,CE,HL,UNKNOWN_COLOR;UNKNOWN_MATERIAL
SHARLET-MTPU,596,1,MTPU,MT,PU,UNKNOWN_COLOR
SHARONBK,568,2,ONBK,ON,BK,UNKNOWN_COLOR;UNKNOWN_MATERIAL
SHARONGD,568,2,ONGD,ON,GD,UNKNOWN_COLOR;UNKNOWN_MATERIAL
SHIMMERBK,567,2,ERBK,ER,BK,UNKNOWN_COLOR;UNKNOWN_MATERIAL
SHIMMERSL,567,2,ERSL,ER,SL,UNKNOWN_COLOR;UNKNOWN_MATERIAL
SLIDE-29NVTL,585,5,NVTL,NV,TL,UNKNOWN_MATERIAL
SLIDE-29TNBK,585,5,TNBK,TN,BK,UNKNOWN_MATERIAL
SN1005-PRPU,556,2,PRPU,PR,PU,UNKNOWN_COLOR
SN1007-OGPU,556,2,OGPU,OG,PU,UNKNOWN_COLOR
SONGFUL32CHPT,567,1,CHPT,CH,PT,UNKNOWN_COLOR
SOOPIE-CEHL,596,1,CEHL,CE,HL,UNKNOWN_COLOR;UNKNOWN_MATERIAL
SPONGY24-BKHL,585,3,BKHL,BK,HL,UNKNOWN_MATERIAL
SPONGY24-BSHL,585,3,BSHL,BS,HL,UNKNOWN_COLOR;UNKNOWN_MATERIAL
SPONGY24-TNHL,585,3,TNHL,TN,HL,UNKNOWN_MATERIAL
STALEN-BSPU,596,1,BSPU,BS,PU,UNKNOWN_COLOR
SUNSHINE-48CPGL,567,5,CPGL,CP,GL,UNKNOWN_COLOR
SUSIE-50BSNB,588,4,BSNB,BS,NB,UNKNOWN_COLOR
T2953BE,591,5,53BE,53,BE,UNKNOWN_COLOR;UNKNOWN_MATERIAL
T2953BK,591,5,53BK,53,BK,UNKNOWN_COLOR;UNKNOWN_MATERIAL
T2962BK,567,5,62BK,62,BK,UNKNOWN_COLOR;UNKNOWN_MATERIAL
T2962GD,567,5,62GD,62,GD,UNKNOWN_COLOR;UNKNOWN_MATERIAL
T2962SL,567,5,62SL,62,SL,UNKNOWN_COLOR;UNKNOWN_MATERIAL
T7589BK,592,5,89BK,89,BK,UNKNOWN_COLOR;UNKNOWN_MATERIAL
TA238AQPU,556,5,AQPU,AQ,PU,UNKNOWN_COLOR
TALL11BK,568,1,11BK,11,BK,UNKNOWN_COLOR;UNKNOWN_MATERIAL
TALL11CHNB,568,1,CHNB,CH,NB,UNKNOWN_COLOR
TALL11TPPT,568,1,TPPT,TP,PT,UNKNOWN_COLOR
TAMPA-5LVKN,556,5,LVKN,LV,KN,UNKNOWN_COLOR;UNKNOWN_MATERIAL
TAMPA-5YLKN,556,5,YLKN,YL,KN,UNKNOWN_COLOR;UNKNOWN_MATERIAL
TAMPABK,585,3,PABK,PA,BK,UNKNOWN_COLOR;UNKNOWN_MATERIAL
TAMPACLR,585,3,ACLR,AC,LR,UNKNOWN_COLOR;UNKNOWN_MATERIAL
TAMPAPK,585,3,PAPK,PA,PK,UNKNOWN_COLOR;UNKNOWN_MATERIAL
TEAPOT-SLPSU,593,6,LPSU,LP,SU,UNKNOWN_COLOR
TEENIE-BSPU,596,1,BSPU,BS,PU,UNKNOWN_COLOR
TENNISS-CEPL,567,2,CEPL,CE,PL,UNKNOWN_COLOR
TIMELESS-12BETL,556,5,BETL,BE,TL,UNKNOWN_MATERIAL
TIMELESS-12BKWH,556,5,BKWH,BK,WH,UNKNOWN_MATERIAL
TIMELESS-12GDTL,556,5,GDTL,GD,TL,UNKNOWN_MATERIAL
TIMLADYBK,593,6,DYBK,DY,BK,UNKNOWN_COLOR;UNKNOWN_MATERIAL
TIMLADYBN,593,6,DYBN,DY,BN,UNKNOWN_COLOR;UNKNOWN_MATERIAL
TIMLADYCA,593,6,DYCA,DY,CA,UNKNOWN_COLOR;UNKNOWN_MATERIAL
TIMLADYGY,593,6,DYGY,DY,GY,UNKNOWN_COLOR;UNKNOWN_MATERIAL
TOPPING-05-BEGN,556,7,BEGN,BE,GN,UNKNOWN_MATERIAL
TOPPING-05-BEWH,556,7,BEWH,BE,WH,UNKNOWN_MATERIAL
TOPPING-05-BKWH,556,7,BKWH,BK,WH,UNKNOWN_MATERIAL
TP2155BAWH,585,1,BAWH,BA,WH,UNKNOWN_COLOR;UNKNOWN_MATERIAL
TP2155NRBK,585,1,NRBK,NR,BK,UNKNOWN_COLOR;UNKNOWN_MATERIAL
TUESDAY1GDMTL,567,1,DMTL,DM,TL,UNKNOWN_COLOR;UNKNOWN_MATERIAL
TUESDAY1SLMTL,567,1,LMTL,LM,TL,UNKNOWN_COLOR;UNKNOWN_MATERIAL
TWICE11CHNB,566,3,CHNB,CH,NB,UNKNOWN_COLOR
TWICE11TPNB,566,3,TPNB,TP,NB,UNKNOWN_COLOR
TWICE15BSHST,566,1,SHST,SH,ST,UNKNOWN_COLOR;UNKNOWN_MATERIAL
TWICE15CHST,566,1,CHST,CH,ST,UNKNOWN_COLOR;UNKNOWN_MATERIAL
TWICE15FUST,566,1,FUST,FU,ST,UNKNOWN_MATERIAL
TWICE23BK,566,1,23BK,23,BK,UNKNOWN_COLOR;UNKNOWN_MATERIAL
TWICE23GD,566,1,23GD,23,GD,UNKNOWN_COLOR;UNKNOWN_MATERIAL
TWICE23SL,566,1,23SL,23,SL,UNKNOWN_COLOR;UNKNOWN_MATERIAL
VANILLA-BKMC,557,3,BKMC,BK,MC,UNKNOWN_MATERIAL
VANILLA-NDMC,557,3,NDMC,ND,MC,UNKNOWN_MATERIAL
VERRANABU2BKGD,558,7,BKGD,BK,GD,UNKNOWN_MATERIAL
VERRANABU2NVGD,558,7,NVGD,NV,GD,UNKNOWN_MATERIAL
VG256CPPU,557,6,CPPU,CP,PU,UNKNOWN_COLOR
VG256OGPU,557,6,OGPU,OG,PU,UNKNOWN_COLOR
VG262CMLSD,558,A,MLSD,ML,SD,UNKNOWN_COLOR
VG262KHSD,558,A,KHSD,KH,SD,UNKNOWN_COLOR
VG263MRPU,557,A,MRPU,MR,PU,UNKNOWN_COLOR
VG265KHPU,558,6,KHPU,KH,PU,UNKNOWN_COLOR
VG286MTTE,562,7,MTTE,MT,TE,UNKNOWN_COLOR
VG287JNSD,580,7,JNSD,JN,SD,UNKNOWN_COLOR
VG288LITE,562,7,LITE,LI,TE,UNKNOWN_COLOR
VG329,586,5,G329,G3,29,UNKNOWN_COLOR;UNKNOWN_MATERIAL
VIVIAN435NDGD,567,7,NDGD,ND,GD,UNKNOWN_MATERIAL
VIVIAN441TNGD,567,6,TNGD,TN,GD,UNKNOWN_MATERIAL
VZ-01L-PRTE,556,3,PRTE,PR,TE,UNKNOWN_COLOR
W28BL,585,2,28BL,28,BL,UNKNOWN_COLOR;UNKNOWN_MATERIAL
W28PK,585,2,28PK,28,PK,UNKNOWN_COLOR;UNKNOWN_MATERIAL
W28PR,585,2,28PR,28,PR,UNKNOWN_COLOR;UNKNOWN_MATERIAL
W89-PRPU,588,2,PRPU,PR,PU,UNKNOWN_COLOR
WBOWIE-NTPU,567,2,NTPU,NT,PU,UNKNOWN_COLOR
WD200KHPU,557,A,KHPU,KH,PU,UNKNOWN_COLOR
WDONALD-BKNBPU,567,5,NBPU,NB,PU,UNKNOWN_COLOR
WDONALD-NTNB,567,5,NTNB,NT,NB,UNKNOWN_COLOR
WEAVE-15-TPTE,557,7,TPTE,TP,TE,UNKNOWN_COLOR
WEAVE-86K-MVTE,597,1,MVTE,MV,TE,UNKNOWN_COLOR
WEAVE-86K-TPTE,597,1,TPTE,TP,TE,UNKNOWN_COLOR
WEEKENDS-LEOPU,568,6,EOPU,EO,PU,UNKNOWN_COLOR
WLD532-KHPT,557,2,KHPT,KH,PT,UNKNOWN_COLOR
WOORI-STPU,569,1,STPU,ST,PU,UNKNOWN_COLOR
X7808BK,591,5,08BK,08,BK,UNKNOWN_COLOR;UNKNOWN_MATERIAL
XHY230722-4PRME,573,5,PRME,PR,ME,UNKNOWN_COLOR
XY811052-2-RSGL,568,5,RSGL,RS,GL,UNKNOWN_COLOR
XY811052BE,568,1,52BE,52,BE,UNKNOWN_COLOR;UNKNOWN_MATERIAL
XY811052BK,568,1,52BK,52,BK,UNKNOWN_COLOR;UNKNOWN_MATERIAL
XY811052TMRS,568,1,TMRS,TM,RS,UNKNOWN_COLOR;UNKNOWN_MATERIAL
Y2018BK,591,5,18BK,18,BK,UNKNOWN_COLOR;UNKNOWN_MATERIAL
Y2018BN,591,5,18BN,18,BN,UNKNOWN_COLOR;UNKNOWN_MATERIAL
YABIG-WSPU,593,2,WSPU,WS,PU,UNKNOWN_COLOR
YANLI-05-BSPU,588,1,BSPU,BS,PU,UNKNOWN_COLOR
YANLI-05-TPPU,588,1,TPPU,TP,PU,UNKNOWN_COLOR
YARA-41-BSPU,585,1,BSPU,BS,PU,UNKNOWN_COLOR
YC230717-4JNDN,567,5,JNDN,JN,DN,UNKNOWN_COLOR
YC230722-2CPGL,566,5,CPGL,CP,GL,UNKNOWN_COLOR
YEAH-12-BSPU,585,1,BSPU,BS,PU,UNKNOWN_COLOR
YH311-0901-MSSD,577,3,MSSD,MS,SD,UNKNOWN_COLOR
YH311-0901-MVSD,577,3,MVSD,MV,SD,UNKNOWN_COLOR
YH311-1371-KHMT,569,3,KHMT,KH,MT,UNKNOWN_COLOR
YS-227-BSSA,566,2,BSSA,BS,SA,UNKNOWN_COLOR
YT90PK,556,2,90PK,90,PK,UNKNOWN_COLOR;UNKNOWN_MATERIAL
YT90WH,556,2,90WH,90,WH,UNKNOWN_COLOR;UNKNOWN_MATERIAL
YT90WNRD,556,2,WNRD,WN,RD,UNKNOWN_MATERIAL
YUMMY-12-BSPU,586,1,BSPU,BS,PU,UNKNOWN_COLOR
ZAYA-1CYPT,591,A,CYPT,CY,PT,UNKNOWN_COLOR
ZK43-KHSD,559,8,KHSD,KH,SD,UNKNOWN_COLOR
ZK48-CNPT,558,8,CNPT,CN,PT,UNKNOWN_COLOR
ZK52-PWPU,568,8,PWPU,PW,PU,UNKNOWN_COLOR
ZK627-11-BEFA,558,6,BEFA,BE,FA,UNKNOWN_MATERIAL
ZK627-11-BKFA,558,6,BKFA,BK,FA,UNKNOWN_MATERIAL
ZK627-11-NVFA,558,6,NVFA,NV,FA,UNKNOWN_MATERIAL
ZK627-18-BKSADI,558,6,SADI,SA,DI,UNKNOWN_COLOR;UNKNOWN_MATERIAL
ZK627-18-CPSADI,558,6,SADI,SA,DI,UNKNOWN_COLOR;UNKNOWN_MATERIAL
ZK627-18-SLSADI,558,6,SADI,SA,DI,UNKNOWN_COLOR;UNKNOWN_MATERIAL
ZK627-19-GDGTDI,558,6,GTDI,GT,DI,UNKNOWN_COLOR;UNKNOWN_MATERIAL
ZK627-19-SLGTDI,558,6,GTDI,GT,DI,UNKNOWN_COLOR;UNKNOWN_MATERIAL
ZK627-22-CMLPU,585,7,MLPU,ML,PU,UNKNOWN_COLOR
ZK627-26-CFPU,585,6,CFPU,CF,PU,UNKNOWN_COLOR
ZK627-28-GDMEPU,558,6,MEPU,ME,PU,UNKNOWN_COLOR
ZK627-29-SLMEPU,558,6,MEPU,ME,PU,UNKNOWN_COLOR
ZK627-2-CMLPU,567,7,MLPU,ML,PU,UNKNOWN_COLOR
ZK627-3-CMLPU,567,7,MLPU,ML,PU,UNKNOWN_COLOR
ZK6276TPPT,557,A,TPPT,TP,PT,UNKNOWN_COLOR
ZK627-7-BKSADI,564,7,SADI,SA,DI,UNKNOWN_COLOR;UNKNOWN_MATERIAL
ZK627-7-CPSADI,564,7,SADI,SA,DI,UNKNOWN_COLOR;UNKNOWN_MATERIAL
ZK627-7-SLSADI,567,7,SADI,SA,DI,UNKNOWN_COLOR;UNKNOWN_MATERIAL
ZK627-8-BKPUDI,585,6,PUDI,PU,DI,UNKNOWN_COLOR;UNKNOWN_MATERIAL
ZK627-8-SLSADI,585,6,SADI,SA,DI,UNKNOWN_COLOR;UNKNOWN_MATERIAL
ZM6322-1-MNTPU,567,C,NTPU,NT,PU,UNKNOWN_COLOR
ZM7231-1-CFPT,566,C,CFPT,CF,PT,UNKNOWN_COLOR
ZN02-TPPT,567,8,TPPT,TP,PT,UNKNOWN_COLOR
ZN05-PWPU,568,C,PWPU,PW,PU,UNKNOWN_COLOR
ZN08-LPPT,566,8,LPPT,LP,PT,UNKNOWN_COLOR
ZN09-LPSD,567,8,LPSD,LP,SD,UNKNOWN_COLOR
ZN12-KHPU,558,8,KHPU,KH,PU,UNKNOWN_COLOR
ZN12-TPPU,558,8,TPPU,TP,PU,UNKNOWN_COLOR
ZN17-MAPT,558,8,MAPT,MA,PT,UNKNOWN_COLOR
ZN23-OGPU,557,B,OGPU,OG,PU,UNKNOWN_COLOR
ZN24-MAPU,557,8,MAPU,MA,PU,UNKNOWN_COLOR
ZOLA22CHPU,558,3,CHPU,CH,PU,UNKNOWN_COLOR
ZOOM-SLPSD,566,6,LPSD,LP,SD,UNKNOWN_COLOR
