category_number,category_desc,department_number,department_desc,sector_number,sector_desc,suggested_family,confidence,review_notes
5,Pantalon Niño Marca,1,ROPA NIÑOS MARCA,1,SECTOR DE MARCAS H,pantalones,high,
6,Jeans Niño Marca,1,ROPA NIÑOS MARCA,1,SECTOR DE MARCAS H,pantalones,high,
7,Camisas Niño Marca,1,ROPA NIÑOS MARCA,1,SECTOR DE MARCAS H,tops,high,
8,Camisetas Niño Marca,1,ROPA NIÑOS MARCA,1,SECTOR DE MARCAS H,tops,high,
9,Abrigos Sueter NiñoM,1,ROPA NIÑOS MARCA,1,SECTOR DE MARCAS H,tops,high,
11,Traje Smoking Hombre,2,TRAJES MARCA HOMBRE,1,SECTOR DE MARCAS H,suits,high,
12,Traje Comp 2Bot USF,2,TRAJES MARCA HOMBRE,1,SECTOR DE MARCAS H,suits,high,
13,Traje Comp 3Bot USF ,2,TRAJES MARCA HOMBRE,1,SECTOR DE MARCAS H,suits,high,
14,Traje Comp 2Bot Raya,2,TRAJES MARCA HOMBRE,1,SECTOR DE MARCAS H,suits,high,
15,Traje Comp 3Bot Raya,2,TRAJES MARCA HOMBRE,1,SECTOR DE MARCAS H,suits,high,
16,Blazers,2,TRAJES MARCA HOMBRE,1,SECTOR DE MARCAS H,suits,high,
17,Saco/Traje 2Bot USF,2,TRAJES MARCA HOMBRE,1,SECTOR DE MARCAS H,suits,high,
18,Saco/Traje 3Bot USF,2,TRAJES MARCA HOMBRE,1,SECTOR DE MARCAS H,suits,high,
19,Saco/Traje 2Bot Raya,2,TRAJES MARCA HOMBRE,1,SECTOR DE MARCAS H,suits,high,
20,Saco/Traje 3Bot Raya,2,TRAJES MARCA HOMBRE,1,SECTOR DE MARCAS H,suits,high,
21,Pend Clasificar,2,TRAJES MARCA HOMBRE,1,SECTOR DE MARCAS H,suits,high,
23,Pend Clasificar,2,TRAJES MARCA HOMBRE,1,SECTOR DE MARCAS H,suits,high,
28,Pant Traje USF,3,PANTALONES MARCA H,1,SECTOR DE MARCAS H,suits,high,
29,Pant Traj Raya,3,PANTALONES MARCA H,1,SECTOR DE MARCAS H,pantalones,high,
30,Pant Traj Cuadros,3,PANTALONES MARCA H,1,SECTOR DE MARCAS H,pantalones,high,
31,Pant Vest Marca H,3,PANTALONES MARCA H,1,SECTOR DE MARCAS H,pantalones,high,
32,Panta Casual Marca H,3,PANTALONES MARCA H,1,SECTOR DE MARCAS H,pantalones,high,
33,Pant Fashion Marca H,3,PANTALONES MARCA H,1,SECTOR DE MARCAS H,pantalones,high,
34,Pant Short Marca H,3,PANTALONES MARCA H,1,SECTOR DE MARCAS H,pantalones,high,
36,Jean Basico Marca H,4,JEANS MARCA HOMBRE,1,SECTOR DE MARCAS H,pantalones,high,
37,Jean Fashion Marca H,4,JEANS MARCA HOMBRE,1,SECTOR DE MARCAS H,pantalones,high,
38,Jeans Marca Niño,4,JEANS MARCA HOMBRE,1,SECTOR DE MARCAS H,pantalones,high,
39,Shorts Marca H,4,JEANS MARCA HOMBRE,1,SECTOR DE MARCAS H,pantalones,high,
41,Cam M/L USF Marca H,5,CAMISAS MARCA HOMBRE,1,SECTOR DE MARCAS H,tops,high,
42,Cam M/C USF Marca H,5,CAMISAS MARCA HOMBRE,1,SECTOR DE MARCAS H,tops,high,
43,Cam M/L Fash Marca H,5,CAMISAS MARCA HOMBRE,1,SECTOR DE MARCAS H,tops,high,
44,Cam M/C Fash Marca H,5,CAMISAS MARCA HOMBRE,1,SECTOR DE MARCAS H,tops,high,
45,Cam M/L Ray Marca H,5,CAMISAS MARCA HOMBRE,1,SECTOR DE MARCAS H,tops,high,
46,Cam M/C Ray Marca H,5,CAMISAS MARCA HOMBRE,1,SECTOR DE MARCAS H,tops,high,
47,Cam M/L Cuad Marca H,5,CAMISAS MARCA HOMBRE,1,SECTOR DE MARCAS H,tops,high,
48,Cam M/C Cuad Marca H,5,CAMISAS MARCA HOMBRE,1,SECTOR DE MARCAS H,tops,high,
49,Guallabera Marcas H,5,CAMISAS MARCA HOMBRE,1,SECTOR DE MARCAS H,tops,high,
51,Camt M/CFash Marca H,6,CAMISETAS MARCA HOMB,1,SECTOR DE MARCAS H,tops,high,
52,Camt M/LFash Marca H,6,CAMISETAS MARCA HOMB,1,SECTOR DE MARCAS H,tops,high,
53,Camt S/MFash Marca H,6,CAMISETAS MARCA HOMB,1,SECTOR DE MARCAS H,tops,high,
54,Camt PoloM/C Marca H,6,CAMISETAS MARCA HOMB,1,SECTOR DE MARCAS H,tops,high,
55,Camt PoloM/L Marca H,6,CAMISETAS MARCA HOMB,1,SECTOR DE MARCAS H,tops,high,
56,Camt TShirUSF MarcaH,6,CAMISETAS MARCA HOMB,1,SECTOR DE MARCAS H,tops,high,
60,Chalecos Marca,7,ABRIGOS MARCA HOMBRE,1,SECTOR DE MARCAS H,jackets_outerwear,high,
61,Chumpa Cuero Marca H,7,ABRIGOS MARCA HOMBRE,1,SECTOR DE MARCAS H,jackets_outerwear,high,
62,Chaqueta Tela MarcaH,7,ABRIGOS MARCA HOMBRE,1,SECTOR DE MARCAS H,jackets_outerwear,high,
63,Chaq Sin Clasficar M,7,ABRIGOS MARCA HOMBRE,1,SECTOR DE MARCAS H,jackets_outerwear,high,
64,Centros Marca H,7,ABRIGOS MARCA HOMBRE,1,SECTOR DE MARCAS H,jackets_outerwear,high,
65,Sueters M/L Marca H,7,ABRIGOS MARCA HOMBRE,1,SECTOR DE MARCAS H,tops,high,
66,Sudaderas Marca H,7,ABRIGOS MARCA HOMBRE,1,SECTOR DE MARCAS H,tops,high,
67,Buzos Marca H,7,ABRIGOS MARCA HOMBRE,1,SECTOR DE MARCAS H,jackets_outerwear,high,
70,Corbatines Marca H,8,ACCES VESTIR MARCA H,1,SECTOR DE MARCAS H,accesorios,medium,REVIEW
71,Corbatas Marca H,8,ACCES VESTIR MARCA H,1,SECTOR DE MARCAS H,accesorios,medium,REVIEW
72,Fajas Marca H,8,ACCES VESTIR MARCA H,1,SECTOR DE MARCAS H,cinturones,high,
73,Gorras  Marca H,8,ACCES VESTIR MARCA H,1,SECTOR DE MARCAS H,accesorios,medium,REVIEW
74,Bufandas Marca H,8,ACCES VESTIR MARCA H,1,SECTOR DE MARCAS H,accesorios,medium,REVIEW
75,Pijamas Marcas H,8,ACCES VESTIR MARCA H,1,SECTOR DE MARCAS H,ropa_otros,high,
76,Batas Marcas H,8,ACCES VESTIR MARCA H,1,SECTOR DE MARCAS H,accesorios,medium,REVIEW
77,Pantuflas Marcas H,8,ACCES VESTIR MARCA H,1,SECTOR DE MARCAS H,zapatos,high,
78,Gorros Marca H,8,ACCES VESTIR MARCA H,1,SECTOR DE MARCAS H,accesorios,medium,REVIEW
79,Cupon Acc VestMarcaH,8,ACCES VESTIR MARCA H,1,SECTOR DE MARCAS H,general,high,
81,Calzoncillos Marca H,9,ROPA INTERIOR MARCAH,1,SECTOR DE MARCAS H,ropa_otros,high,
82,Boxers Marca H,9,ROPA INTERIOR MARCAH,1,SECTOR DE MARCAS H,ropa_otros,high,
83,Camiseta Tir Marca H,9,ROPA INTERIOR MARCAH,1,SECTOR DE MARCAS H,tops,high,
84,Calcetines Marca H,9,ROPA INTERIOR MARCAH,1,SECTOR DE MARCAS H,ropa_otros,high,
85,Calcetas Alt Marca H,9,ROPA INTERIOR MARCAH,1,SECTOR DE MARCAS H,ropa_otros,high,
86,Calcetas Baj Marca H,9,ROPA INTERIOR MARCAH,1,SECTOR DE MARCAS H,ropa_otros,high,
87,Bioseguridad,10,ACCES UTILES MARCA H,1,SECTOR DE MARCAS H,general,high,
88,Mascarillas,10,ACCES UTILES MARCA H,1,SECTOR DE MARCAS H,general,high,
89,Cordones zapatos Mar,10,ACCES UTILES MARCA H,1,SECTOR DE MARCAS H,zapatos,high,
90,Acces Gral Caba Marc,10,ACCES UTILES MARCA H,1,SECTOR DE MARCAS H,accesorios,medium,REVIEW
91,Tirantes Marca H,10,ACCES UTILES MARCA H,1,SECTOR DE MARCAS H,accesorios,medium,REVIEW
92,Llaveros Marca H,10,ACCES UTILES MARCA H,1,SECTOR DE MARCAS H,accesorios,medium,REVIEW
93,Lociones Marca H,10,ACCES UTILES MARCA H,1,SECTOR DE MARCAS H,general,high,
94,Mochilas Marca H,10,ACCES UTILES MARCA H,1,SECTOR DE MARCAS H,carteras,high,
95,Billeteras Marca H,10,ACCES UTILES MARCA H,1,SECTOR DE MARCAS H,accesorios,medium,REVIEW
96,Pañuelos Marca H,10,ACCES UTILES MARCA H,1,SECTOR DE MARCAS H,accesorios,medium,REVIEW
97,Sombrillas Marca H,10,ACCES UTILES MARCA H,1,SECTOR DE MARCAS H,accesorios,medium,REVIEW
98,Imp. Deport. Marca H,10,ACCES UTILES MARCA H,1,SECTOR DE MARCAS H,accesorios,medium,REVIEW
99,Maletin Marca H,10,ACCES UTILES MARCA H,1,SECTOR DE MARCAS H,carteras,high,
100,Money clip Marca H,11,JOYERIA HOMBRE,1,SECTOR DE MARCAS H,accesorios,medium,REVIEW
101,Relojes Marca H,11,JOYERIA HOMBRE,1,SECTOR DE MARCAS H,accesorios,medium,REVIEW
102,Lentes Marca H,11,JOYERIA HOMBRE,1,SECTOR DE MARCAS H,accesorios,medium,REVIEW
104,Brazaletes Marca H,11,JOYERIA HOMBRE,1,SECTOR DE MARCAS H,accesorios,medium,REVIEW
106,Anillos Marca H,11,JOYERIA HOMBRE,1,SECTOR DE MARCAS H,accesorios,medium,REVIEW
107,Cadenas Marca H,11,JOYERIA HOMBRE,1,SECTOR DE MARCAS H,accesorios,medium,REVIEW
108,Prensa Corba Marca H,11,JOYERIA HOMBRE,1,SECTOR DE MARCAS H,accesorios,medium,REVIEW
109,Mancuernas Marca H,11,JOYERIA HOMBRE,1,SECTOR DE MARCAS H,accesorios,medium,REVIEW
121,Zap Vest Tacon Marca,13,ZAPATO MARCA HOMBRE,1,SECTOR DE MARCAS H,zapatos,high,
122,Zap Vest Plant Marca,13,ZAPATO MARCA HOMBRE,1,SECTOR DE MARCAS H,zapatos,high,
123,Zap Casl Tacon Marca,13,ZAPATO MARCA HOMBRE,1,SECTOR DE MARCAS H,zapatos,high,
124,Zap Casl Plant Marca,13,ZAPATO MARCA HOMBRE,1,SECTOR DE MARCAS H,zapatos,high,
125,Zap Trab Tacon Marca,13,ZAPATO MARCA HOMBRE,1,SECTOR DE MARCAS H,zapatos,high,
126,Zap Trab Plant Marca,13,ZAPATO MARCA HOMBRE,1,SECTOR DE MARCAS H,zapatos,high,
127,Zap Destalon Marca,13,ZAPATO MARCA HOMBRE,1,SECTOR DE MARCAS H,zapatos,high,
128,Bota Vestir Marca H,13,ZAPATO MARCA HOMBRE,1,SECTOR DE MARCAS H,zapatos,high,
129,Bota Casual Marca H,13,ZAPATO MARCA HOMBRE,1,SECTOR DE MARCAS H,zapatos,high,
130,Bota Trabajo Marca H,13,ZAPATO MARCA HOMBRE,1,SECTOR DE MARCAS H,zapatos,high,
132,Sandalia Marca H,13,ZAPATO MARCA HOMBRE,1,SECTOR DE MARCAS H,zapatos,high,
133,Chancleta Marca H,13,ZAPATO MARCA HOMBRE,1,SECTOR DE MARCAS H,zapatos,high,
134,Chancleta Marca Niño,13,ZAPATO MARCA HOMBRE,1,SECTOR DE MARCAS H,zapatos,high,
135,Cupon Zapatos Marca,13,ZAPATO MARCA HOMBRE,1,SECTOR DE MARCAS H,general,high,
141,Zap Dep Marca H,14,ZAP DEP MARCA HOMBRE,1,SECTOR DE MARCAS H,zapatos,high,
143,Taco FootBal Marca H,14,ZAP DEP MARCA HOMBRE,1,SECTOR DE MARCAS H,zapatos,high,
144,Tenis Tacos Marca H,14,ZAP DEP MARCA HOMBRE,1,SECTOR DE MARCAS H,zapatos,high,
145,Zap Dep Marca Niño,14,ZAP DEP MARCA HOMBRE,1,SECTOR DE MARCAS H,zapatos,high,
146,Zap Dep Marca M,15,ZAP DEP MARCA MUJER,2,SECTOR DE MARCAS M,zapatos,high,
148,Tenis Marca M,15,ZAP DEP MARCA MUJER,2,SECTOR DE MARCAS M,zapatos,high,
149,Tenis Dest Marca M,15,ZAP DEP MARCA MUJER,2,SECTOR DE MARCAS M,zapatos,high,
161,Zap Fiesta Marca M,16,ZAPATO MARCA MUJER,2,SECTOR DE MARCAS M,zapatos,high,
162,Zap. Vestir Marca M,16,ZAPATO MARCA MUJER,2,SECTOR DE MARCAS M,zapatos,high,
163,Zap Casual Marca M,16,ZAPATO MARCA MUJER,2,SECTOR DE MARCAS M,zapatos,high,
164,Zap Des Fies Marca M,16,ZAPATO MARCA MUJER,2,SECTOR DE MARCAS M,zapatos,high,
165,Zap Des Vest Marca M,16,ZAPATO MARCA MUJER,2,SECTOR DE MARCAS M,zapatos,high,
166,Zap Des Cas Marca M,16,ZAPATO MARCA MUJER,2,SECTOR DE MARCAS M,zapatos,high,
167,Sand Fiest Marca M,16,ZAPATO MARCA MUJER,2,SECTOR DE MARCAS M,zapatos,high,
168,Sand Vest Marca M,16,ZAPATO MARCA MUJER,2,SECTOR DE MARCAS M,zapatos,high,
169,Sand Casual Marca M,16,ZAPATO MARCA MUJER,2,SECTOR DE MARCAS M,zapatos,high,
170,Chan Casual Marca M,16,ZAPATO MARCA MUJER,2,SECTOR DE MARCAS M,zapatos,high,
171,Chan Playa Marca M,16,ZAPATO MARCA MUJER,2,SECTOR DE MARCAS M,zapatos,high,
172,Bota Pnt Alt Marca M,16,ZAPATO MARCA MUJER,2,SECTOR DE MARCAS M,zapatos,high,
173,Bota Pnt Med Marca M,16,ZAPATO MARCA MUJER,2,SECTOR DE MARCAS M,zapatos,high,
174,Bota Pnt Baj Marca M,16,ZAPATO MARCA MUJER,2,SECTOR DE MARCAS M,zapatos,high,
175,Bota Dest Marca M,16,ZAPATO MARCA MUJER,2,SECTOR DE MARCAS M,zapatos,high,
181,Pant Vestir Marca M,17,PANTALON MARCA MUJER,2,SECTOR DE MARCAS M,pantalones,high,
182,Pant Casual Marca M,17,PANTALON MARCA MUJER,2,SECTOR DE MARCAS M,pantalones,high,
183,Short Marca Mujer,17,PANTALON MARCA MUJER,2,SECTOR DE MARCAS M,pantalones,high,
184,Capri Marca M,17,PANTALON MARCA MUJER,2,SECTOR DE MARCAS M,pantalones,high,
185,Legins Marca Mujer,17,PANTALON MARCA MUJER,2,SECTOR DE MARCAS M,pantalones,high,
186,Jeans Basico Marca M,18,JEANS MARCA MUJER,2,SECTOR DE MARCAS M,pantalones,high,
187,Jean Fashion Marca M,18,JEANS MARCA MUJER,2,SECTOR DE MARCAS M,pantalones,high,
191,Blusas Marca Mujer,19,BLUSAS MARCA MUJER,2,SECTOR DE MARCAS M,tops,high,
201,Camisetas Marca Muj,20,CAMISETA MARCA MUJER,2,SECTOR DE MARCAS M,tops,high,
211,Falda Tela Marca Muj,21,FALDAS MARCA MUJER,2,SECTOR DE MARCAS M,ropa_otros,high,
216,Falda Jean Marca Muj,21,FALDAS MARCA MUJER,2,SECTOR DE MARCAS M,pantalones,high,
221,Conj Chaq Fal MarcaM,22,TRAJES MARCA MUJER,2,SECTOR DE MARCAS M,suits,high,
222,Conj Chaq Pan MarcaM,22,TRAJES MARCA MUJER,2,SECTOR DE MARCAS M,suits,high,
231,Vest Largo Marca M,23,VESTIDOS MARCA MUJER,2,SECTOR DE MARCAS M,vestidos,high,
234,Vest Rodilla Marca M,23,VESTIDOS MARCA MUJER,2,SECTOR DE MARCAS M,vestidos,high,
237,Vest Corto Marca M,23,VESTIDOS MARCA MUJER,2,SECTOR DE MARCAS M,vestidos,high,
241,Blumer Marca M,24,ROPA INTER MARCA MUJ,2,SECTOR DE MARCAS M,ropa_otros,high,
242,Boxer Marca M,24,ROPA INTER MARCA MUJ,2,SECTOR DE MARCAS M,ropa_otros,high,
243,Brazier Marca M,24,ROPA INTER MARCA MUJ,2,SECTOR DE MARCAS M,ropa_otros,high,
244,Medias Marca M,24,ROPA INTER MARCA MUJ,2,SECTOR DE MARCAS M,ropa_otros,high,
246,Calcetines Marca M,24,ROPA INTER MARCA MUJ,2,SECTOR DE MARCAS M,ropa_otros,high,
248,Pijamas Marca M,24,ROPA INTER MARCA MUJ,2,SECTOR DE MARCAS M,ropa_otros,high,
249,Traje Baño Marca M,24,ROPA INTER MARCA MUJ,2,SECTOR DE MARCAS M,suits,high,
251,Sueter Marca M,25,ABRIGOS MARCA MUJER,2,SECTOR DE MARCAS M,tops,high,
252,Cardigans Marca M,25,ABRIGOS MARCA MUJER,2,SECTOR DE MARCAS M,jackets_outerwear,high,
253,Boleros Marca M,25,ABRIGOS MARCA MUJER,2,SECTOR DE MARCAS M,jackets_outerwear,high,
254,Centros Marca M,25,ABRIGOS MARCA MUJER,2,SECTOR DE MARCAS M,jackets_outerwear,high,
255,Chaq Cuero Marca M,25,ABRIGOS MARCA MUJER,2,SECTOR DE MARCAS M,jackets_outerwear,high,
256,Chaq Tela Marca M,25,ABRIGOS MARCA MUJER,2,SECTOR DE MARCAS M,jackets_outerwear,high,
257,Chaq Jean Marca M,25,ABRIGOS MARCA MUJER,2,SECTOR DE MARCAS M,jackets_outerwear,high,
258,Chaq Sint Marca M,25,ABRIGOS MARCA MUJER,2,SECTOR DE MARCAS M,jackets_outerwear,high,
259,Sudadera Marca M,25,ABRIGOS MARCA MUJER,2,SECTOR DE MARCAS M,tops,high,
260,Buzo Marca M,25,ABRIGOS MARCA MUJER,2,SECTOR DE MARCAS M,tops,high,
261,Cartera Peq. Marca M,26,CARTERAS MONED MARCA,2,SECTOR DE MARCAS M,carteras,high,
262,Cartera Med. Marca M,26,CARTERAS MONED MARCA,2,SECTOR DE MARCAS M,carteras,high,
263,Cartera Gran Marca M,26,CARTERAS MONED MARCA,2,SECTOR DE MARCAS M,carteras,high,
264,Carteras Mujer SC,26,CARTERAS MONED MARCA,2,SECTOR DE MARCAS M,carteras,high,
265,Porta Tarjeta MarcaM,26,CARTERAS MONED MARCA,2,SECTOR DE MARCAS M,carteras,high,
266,Mochila Marca M,26,CARTERAS MONED MARCA,2,SECTOR DE MARCAS M,carteras,high,
267,Maletin Marca M,26,CARTERAS MONED MARCA,2,SECTOR DE MARCAS M,carteras,high,
268,Billeteras Mujer,26,CARTERAS MONED MARCA,2,SECTOR DE MARCAS M,carteras,high,
271,Fajas Marca Mujer,27,ACCESOR VEST MARCA M,2,SECTOR DE MARCAS M,ropa_otros,high,
272,Sombreros Marca M,27,ACCESOR VEST MARCA M,2,SECTOR DE MARCAS M,accesorios,medium,REVIEW
273,Gorras Marca M,27,ACCESOR VEST MARCA M,2,SECTOR DE MARCAS M,accesorios,medium,REVIEW
274,Bufanda Marca M,27,ACCESOR VEST MARCA M,2,SECTOR DE MARCAS M,accesorios,medium,REVIEW
275,Chal Marca Mujer,27,ACCESOR VEST MARCA M,2,SECTOR DE MARCAS M,accesorios,medium,REVIEW
276,Pañoletas Marca M,27,ACCESOR VEST MARCA M,2,SECTOR DE MARCAS M,accesorios,medium,REVIEW
279,Cupon Acces Marca M,28,ACCESORIOS MARCA MUJ,2,SECTOR DE MARCAS M,general,high,
280,Relojes Marca M,28,ACCESORIOS MARCA MUJ,2,SECTOR DE MARCAS M,accesorios,medium,REVIEW
281,Pulceras Marca M,28,ACCESORIOS MARCA MUJ,2,SECTOR DE MARCAS M,accesorios,medium,REVIEW
282,Collares Marca M,28,ACCESORIOS MARCA MUJ,2,SECTOR DE MARCAS M,accesorios,medium,REVIEW
283,Gargantillas Marca M,28,ACCESORIOS MARCA MUJ,2,SECTOR DE MARCAS M,accesorios,medium,REVIEW
284,Aritos Marca M,28,ACCESORIOS MARCA MUJ,2,SECTOR DE MARCAS M,accesorios,medium,REVIEW
285,Diademas Marca M,28,ACCESORIOS MARCA MUJ,2,SECTOR DE MARCAS M,accesorios,medium,REVIEW
286,Anillos Marca M,28,ACCESORIOS MARCA MUJ,2,SECTOR DE MARCAS M,accesorios,medium,REVIEW
287,Anteojos Marca M,28,ACCESORIOS MARCA MUJ,2,SECTOR DE MARCAS M,accesorios,medium,REVIEW
288,Prendedores Marca M,28,ACCESORIOS MARCA MUJ,2,SECTOR DE MARCAS M,accesorios,medium,REVIEW
289,Ganchos Marca M,28,ACCESORIOS MARCA MUJ,2,SECTOR DE MARCAS M,accesorios,medium,REVIEW
290,Accesorios Marca Muj,28,ACCESORIOS MARCA MUJ,2,SECTOR DE MARCAS M,accesorios,medium,REVIEW
291,Lipstick Marca M,29,MAQUILLAJE MARCA MUJ,2,SECTOR DE MARCAS M,general,high,
292,Sombras Marca M,29,MAQUILLAJE MARCA MUJ,2,SECTOR DE MARCAS M,general,high,
293,Esmalte Marca M,29,MAQUILLAJE MARCA MUJ,2,SECTOR DE MARCAS M,general,high,
294,Brillo Marca M,29,MAQUILLAJE MARCA MUJ,2,SECTOR DE MARCAS M,general,high,
295,Locion Perf Marca M,29,MAQUILLAJE MARCA MUJ,2,SECTOR DE MARCAS M,general,high,
296,Cremas Marca M,29,MAQUILLAJE MARCA MUJ,2,SECTOR DE MARCAS M,general,high,
297,Delineador Marca M,29,MAQUILLAJE MARCA MUJ,2,SECTOR DE MARCAS M,general,high,
301,Saco/Traje 2Bot UsfH,30,TRAJES HOMBRE,3,SECTOR ROPA HOMBRE,suits,high,
302,Saco/Traje 3Bot UsfH,30,TRAJES HOMBRE,3,SECTOR ROPA HOMBRE,suits,high,
303,Pant Traje Plises H,30,TRAJES HOMBRE,3,SECTOR ROPA HOMBRE,suits,high,
304,Pant Traje S/PlisesH,30,TRAJES HOMBRE,3,SECTOR ROPA HOMBRE,suits,high,
305,Pant. Vestir Caballe,31,PANTALONES HOMBRE,3,SECTOR ROPA HOMBRE,pantalones,high,
306,Pant Casual  Caballe,31,PANTALONES HOMBRE,3,SECTOR ROPA HOMBRE,pantalones,high,
307,Pant Corduroy Hombre,31,PANTALONES HOMBRE,3,SECTOR ROPA HOMBRE,pantalones,high,
308,Joggers/Capri Caball,31,PANTALONES HOMBRE,3,SECTOR ROPA HOMBRE,pantalones,high,
309,Short Gral Caballero,31,PANTALONES HOMBRE,3,SECTOR ROPA HOMBRE,pantalones,high,
310,Cupon Pantalones,31,PANTALONES HOMBRE,3,SECTOR ROPA HOMBRE,general,high,
311,Jeans Cintura Hombre,32,JEANS HOMBRE,3,SECTOR ROPA HOMBRE,pantalones,high,
312,Jeans Cadera Hombre,32,JEANS HOMBRE,3,SECTOR ROPA HOMBRE,pantalones,high,
313,Jeans Cint Fashion H,32,JEANS HOMBRE,3,SECTOR ROPA HOMBRE,pantalones,high,
316,Jeans Overol,32,JEANS HOMBRE,3,SECTOR ROPA HOMBRE,pantalones,high,
317,Jeans Pescador Homb,32,JEANS HOMBRE,3,SECTOR ROPA HOMBRE,pantalones,high,
318,Cupon Jeans,32,JEANS HOMBRE,3,SECTOR ROPA HOMBRE,general,high,
319,Cupon Camisas,33,CAMISAS HOMBRE,3,SECTOR ROPA HOMBRE,general,high,
320,Cam M/C Botones USF,33,CAMISAS HOMBRE,3,SECTOR ROPA HOMBRE,tops,high,
321,Cam M/L Botones USF,33,CAMISAS HOMBRE,3,SECTOR ROPA HOMBRE,tops,high,
322,Camisa M/C USF,33,CAMISAS HOMBRE,3,SECTOR ROPA HOMBRE,tops,high,
323,Camisa M/L USF,33,CAMISAS HOMBRE,3,SECTOR ROPA HOMBRE,tops,high,
324,Camisa M/C Rayas,33,CAMISAS HOMBRE,3,SECTOR ROPA HOMBRE,tops,high,
325,Camisa M/L Rayas,33,CAMISAS HOMBRE,3,SECTOR ROPA HOMBRE,tops,high,
326,Camisa M/C Cuadros,33,CAMISAS HOMBRE,3,SECTOR ROPA HOMBRE,tops,high,
327,Camisa M/L Cuadros,33,CAMISAS HOMBRE,3,SECTOR ROPA HOMBRE,tops,high,
328,Camisa Fashion MC,33,CAMISAS HOMBRE,3,SECTOR ROPA HOMBRE,tops,high,
329,Camisa Fashion ML,33,CAMISAS HOMBRE,3,SECTOR ROPA HOMBRE,tops,high,
330,Guayabera y Cubayera,33,CAMISAS HOMBRE,3,SECTOR ROPA HOMBRE,tops,high,
331,Camiseta M/C Estampa,34,CAMISETAS HOMBRE,3,SECTOR ROPA HOMBRE,tops,high,
332,Camiseta M/C Caballe,34,CAMISETAS HOMBRE,3,SECTOR ROPA HOMBRE,tops,high,
333,Camiseta M/L Caballe,34,CAMISETAS HOMBRE,3,SECTOR ROPA HOMBRE,tops,high,
334,Camiseta S/M Caballe,34,CAMISETAS HOMBRE,3,SECTOR ROPA HOMBRE,tops,high,
335,Camiseta Polo Estamp,34,CAMISETAS HOMBRE,3,SECTOR ROPA HOMBRE,tops,high,
336,Camiseta Polo USF,34,CAMISETAS HOMBRE,3,SECTOR ROPA HOMBRE,tops,high,
337,Camisetas Tshirt,34,CAMISETAS HOMBRE,3,SECTOR ROPA HOMBRE,tops,high,
338,Camiseta Polo RAY,34,CAMISETAS HOMBRE,3,SECTOR ROPA HOMBRE,tops,high,
339,Cupon Camisetas,34,CAMISETAS HOMBRE,3,SECTOR ROPA HOMBRE,general,high,
341,Fajas Gral Caballero,35,FAJAS CABALLEROS,3,SECTOR ROPA HOMBRE,cinturones,high,
342,Fajas Vestir,35,FAJAS CABALLEROS,3,SECTOR ROPA HOMBRE,cinturones,high,
343,Faja Casual ,35,FAJAS CABALLEROS,3,SECTOR ROPA HOMBRE,cinturones,high,
351,Gorras Gorros Caba,36,GORRAS Y SOMBREROS H,3,SECTOR ROPA HOMBRE,accesorios,medium,REVIEW
352,Boina Caballeros,36,GORRAS Y SOMBREROS H,3,SECTOR ROPA HOMBRE,accesorios,medium,REVIEW
355,Sombrero Caballero,36,GORRAS Y SOMBREROS H,3,SECTOR ROPA HOMBRE,accesorios,medium,REVIEW
361,Corbatas Gral Caball,37,CORBATA CABALLEROS,3,SECTOR ROPA HOMBRE,accesorios,medium,REVIEW
362,Corbatas USF,37,CORBATA CABALLEROS,3,SECTOR ROPA HOMBRE,accesorios,medium,REVIEW
363,Corbatas Rayas Disen,37,CORBATA CABALLEROS,3,SECTOR ROPA HOMBRE,accesorios,medium,REVIEW
381,Calcetin Vest USF,38,CALCETIN CABALLEROS,3,SECTOR ROPA HOMBRE,ropa_otros,high,
382,Calcetin Depo Caball,38,CALCETIN CABALLEROS,3,SECTOR ROPA HOMBRE,ropa_otros,high,
383,Calcetin Vest Diseno,38,CALCETIN CABALLEROS,3,SECTOR ROPA HOMBRE,ropa_otros,high,
384,Cupones Calcetines,38,CALCETIN CABALLEROS,3,SECTOR ROPA HOMBRE,general,high,
401,Calzoncillos Gral Ca,40,CALZONCILLO CABALLER,3,SECTOR ROPA HOMBRE,ropa_otros,high,
402,Cupon Cazoncillo,40,CALZONCILLO CABALLER,3,SECTOR ROPA HOMBRE,general,high,
421,Boxer Gral. Caballer,42,BOXER CABALLEROS,3,SECTOR ROPA HOMBRE,ropa_otros,high,
422,Cupon Boxer,42,BOXER CABALLEROS,3,SECTOR ROPA HOMBRE,general,high,
431,Pijamas Gral Caballe,43,PIJAMAS HOMBRE,3,SECTOR ROPA HOMBRE,ropa_otros,high,
441,Sudaderas Gral Cabal,44,ROPA DEPORTIVA HOMB,3,SECTOR ROPA HOMBRE,tops,high,
442,Buzos Caballeros,44,ROPA DEPORTIVA HOMB,3,SECTOR ROPA HOMBRE,ropa_otros,high,
445,Traje Baño Gral Caba,44,ROPA DEPORTIVA HOMB,3,SECTOR ROPA HOMBRE,suits,high,
446,Conjunto Caballeros,44,ROPA DEPORTIVA HOMB,3,SECTOR ROPA HOMBRE,ropa_otros,high,
461,Chumpas Gral Caballe,45,CHUMPAS HOMBRE,3,SECTOR ROPA HOMBRE,jackets_outerwear,high,
462,Chaqueta Tela Hombre,45,CHUMPAS HOMBRE,3,SECTOR ROPA HOMBRE,jackets_outerwear,high,
463,Chaquetas Jeans Homb,45,CHUMPAS HOMBRE,3,SECTOR ROPA HOMBRE,jackets_outerwear,high,
464,Chaquetas Cuero Homb,45,CHUMPAS HOMBRE,3,SECTOR ROPA HOMBRE,jackets_outerwear,high,
465,Capotes Hombre,45,CHUMPAS HOMBRE,3,SECTOR ROPA HOMBRE,jackets_outerwear,high,
466,Sueter Caballeros,46,ABRIGOS HOMBRE,3,SECTOR ROPA HOMBRE,tops,high,
467,Centros Gral Cab.,46,ABRIGOS HOMBRE,3,SECTOR ROPA HOMBRE,jackets_outerwear,high,
468,Abrigos de Lana Caba,46,ABRIGOS HOMBRE,3,SECTOR ROPA HOMBRE,jackets_outerwear,high,
469,Bufanda de Caballero,46,ABRIGOS HOMBRE,3,SECTOR ROPA HOMBRE,jackets_outerwear,high,
470,Jeans Niño,47,ROPA NIÑO,3,SECTOR ROPA HOMBRE,pantalones,high,
471,Pantalon Niño,47,ROPA NIÑO,3,SECTOR ROPA HOMBRE,pantalones,high,
472,Camisas Niño,47,ROPA NIÑO,3,SECTOR ROPA HOMBRE,tops,high,
473,Camiseta Niño,47,ROPA NIÑO,3,SECTOR ROPA HOMBRE,tops,high,
474,Ropa Interior Niño,47,ROPA NIÑO,3,SECTOR ROPA HOMBRE,ropa_otros,high,
475,Shorts/Jogger Niño,47,ROPA NIÑO,3,SECTOR ROPA HOMBRE,ropa_otros,high,
476,SuetersyChumpas Niño,47,ROPA NIÑO,3,SECTOR ROPA HOMBRE,tops,high,
477,Accesorios Niño,47,ROPA NIÑO,3,SECTOR ROPA HOMBRE,accesorios,medium,REVIEW
478,Lociones Caballeros,48,ACCESORIOS HOMBRE,3,SECTOR ROPA HOMBRE,general,high,
479,Cordones zapatos,48,ACCESORIOS HOMBRE,3,SECTOR ROPA HOMBRE,zapatos,high,
480,Accesorios Gral Caba,48,ACCESORIOS HOMBRE,3,SECTOR ROPA HOMBRE,accesorios,medium,REVIEW
481,Tirantes Caballeros,48,ACCESORIOS HOMBRE,3,SECTOR ROPA HOMBRE,accesorios,medium,REVIEW
482,llaveros general Cab,48,ACCESORIOS HOMBRE,3,SECTOR ROPA HOMBRE,accesorios,medium,REVIEW
483,Maletas Hombre,48,ACCESORIOS HOMBRE,3,SECTOR ROPA HOMBRE,accesorios,medium,REVIEW
484,Mochilas Caballeros,48,ACCESORIOS HOMBRE,3,SECTOR ROPA HOMBRE,carteras,high,
485,Billeteras Caballero,48,ACCESORIOS HOMBRE,3,SECTOR ROPA HOMBRE,accesorios,medium,REVIEW
486,Pañuelos Caballeros,48,ACCESORIOS HOMBRE,3,SECTOR ROPA HOMBRE,accesorios,medium,REVIEW
487,Sombrillas,48,ACCESORIOS HOMBRE,3,SECTOR ROPA HOMBRE,accesorios,medium,REVIEW
488,Imp. Deportivos Cab,48,ACCESORIOS HOMBRE,3,SECTOR ROPA HOMBRE,accesorios,medium,REVIEW
489,Maletin Caballero,48,ACCESORIOS HOMBRE,3,SECTOR ROPA HOMBRE,carteras,high,
490,Money clip,49,JOYERIA HOMBRE,3,SECTOR ROPA HOMBRE,accesorios,medium,REVIEW
491,Relojes General Cab,49,JOYERIA HOMBRE,3,SECTOR ROPA HOMBRE,accesorios,medium,REVIEW
492,Lentes Caballeros,49,JOYERIA HOMBRE,3,SECTOR ROPA HOMBRE,accesorios,medium,REVIEW
493,Mancuernas,49,JOYERIA HOMBRE,3,SECTOR ROPA HOMBRE,accesorios,medium,REVIEW
494,Brazaletes Cab,49,JOYERIA HOMBRE,3,SECTOR ROPA HOMBRE,accesorios,medium,REVIEW
496,Anillos de Hombre,49,JOYERIA HOMBRE,3,SECTOR ROPA HOMBRE,accesorios,medium,REVIEW
497,Cadenas de Hombre,49,JOYERIA HOMBRE,3,SECTOR ROPA HOMBRE,accesorios,medium,REVIEW
498,Presa Corbata,49,JOYERIA HOMBRE,3,SECTOR ROPA HOMBRE,accesorios,medium,REVIEW
499,Cupon Joyeria Hombre,49,JOYERIA HOMBRE,3,SECTOR ROPA HOMBRE,general,high,
501,Zap Vest Cuero Tacon,50,ZAPATOS CUERO HOMBRE,4,SECTOR ZAPATO HOMBRE,zapatos,high,
502,Zap Vest Cuero Plant,50,ZAPATOS CUERO HOMBRE,4,SECTOR ZAPATO HOMBRE,zapatos,high,
503,Zap Casl Cuero Tacon,50,ZAPATOS CUERO HOMBRE,4,SECTOR ZAPATO HOMBRE,zapatos,high,
504,Zap Casl Cuero Plant,50,ZAPATOS CUERO HOMBRE,4,SECTOR ZAPATO HOMBRE,zapatos,high,
505,Zap Trab Tacon Cuero,50,ZAPATOS CUERO HOMBRE,4,SECTOR ZAPATO HOMBRE,zapatos,high,
506,Zap Trab Plant Cuero,50,ZAPATOS CUERO HOMBRE,4,SECTOR ZAPATO HOMBRE,zapatos,high,
507,Zap Destalon Cuero,50,ZAPATOS CUERO HOMBRE,4,SECTOR ZAPATO HOMBRE,zapatos,high,
508,Burritos Cuero H,50,ZAPATOS CUERO HOMBRE,4,SECTOR ZAPATO HOMBRE,zapatos,high,
511,Zap Vest PU Tacon H,51,ZAPATOS PU HOMBRE,4,SECTOR ZAPATO HOMBRE,zapatos,high,
512,Zap Vest PU Plant H,51,ZAPATOS PU HOMBRE,4,SECTOR ZAPATO HOMBRE,zapatos,high,
513,Zap Casl PU Tacon H,51,ZAPATOS PU HOMBRE,4,SECTOR ZAPATO HOMBRE,zapatos,high,
514,Zap Casl Pu Plant,51,ZAPATOS PU HOMBRE,4,SECTOR ZAPATO HOMBRE,zapatos,high,
515,Zap Trab Tacon PU,51,ZAPATOS PU HOMBRE,4,SECTOR ZAPATO HOMBRE,zapatos,high,
516,Zap Trab Plant PU,51,ZAPATOS PU HOMBRE,4,SECTOR ZAPATO HOMBRE,zapatos,high,
517,Zap.Destalon. PU H,51,ZAPATOS PU HOMBRE,4,SECTOR ZAPATO HOMBRE,zapatos,high,
518,Burritos PU H,51,ZAPATOS PU HOMBRE,4,SECTOR ZAPATO HOMBRE,zapatos,high,
519,Sandalias PU H,51,ZAPATOS PU HOMBRE,4,SECTOR ZAPATO HOMBRE,zapatos,high,
520,ChancletaPlaya H,51,ZAPATOS PU HOMBRE,4,SECTOR ZAPATO HOMBRE,zapatos,high,
521,Bota Vestir Cuero H,52,BOTAS HOMBRE,4,SECTOR ZAPATO HOMBRE,zapatos,high,
522,Bota Casual Cuero H,52,BOTAS HOMBRE,4,SECTOR ZAPATO HOMBRE,zapatos,high,
523,Bota Trabajo Cuero H,52,BOTAS HOMBRE,4,SECTOR ZAPATO HOMBRE,zapatos,high,
526,Bota Vestir PU Homb,52,BOTAS HOMBRE,4,SECTOR ZAPATO HOMBRE,zapatos,high,
527,Bota Casual PU Homb,52,BOTAS HOMBRE,4,SECTOR ZAPATO HOMBRE,zapatos,high,
528,Bota Trabajo PU Homb,52,BOTAS HOMBRE,4,SECTOR ZAPATO HOMBRE,zapatos,high,
540,Tacos Tenis H,53,ZAPATO DEPORTIVO HOM,4,SECTOR ZAPATO HOMBRE,zapatos,high,
541,Zap.Deportivo Hombre,53,ZAPATO DEPORTIVO HOM,4,SECTOR ZAPATO HOMBRE,zapatos,high,
542,Zap Tipo Toms Hombre,53,ZAPATO DEPORTIVO HOM,4,SECTOR ZAPATO HOMBRE,zapatos,high,
543,Tacos de Foot Ball,53,ZAPATO DEPORTIVO HOM,4,SECTOR ZAPATO HOMBRE,zapatos,high,
544,Tenis Altos Caballer,53,ZAPATO DEPORTIVO HOM,4,SECTOR ZAPATO HOMBRE,zapatos,high,
545,Cupon Zapatos Hombre,53,ZAPATO DEPORTIVO HOM,4,SECTOR ZAPATO HOMBRE,general,high,
550,Zap Formales Niño,54,ZAPATOS NIÑO,4,SECTOR ZAPATO HOMBRE,zapatos,high,
551,Zap Casuales Niño,54,ZAPATOS NIÑO,4,SECTOR ZAPATO HOMBRE,zapatos,high,
552,Botas Niño,54,ZAPATOS NIÑO,4,SECTOR ZAPATO HOMBRE,zapatos,high,
553,Zap Deportivo Niño,54,ZAPATOS NIÑO,4,SECTOR ZAPATO HOMBRE,zapatos,high,
556,Zap Deport Mujer,55,ZAPATO DEPORTIVO MUJ,5,SECTOR ZAPATO MUJER,zapatos,high,
557,Zap  Ballerinas,56,ZAP. FLATS MUJER,5,SECTOR ZAPATO MUJER,zapatos,high,
558,Zap Mocasines,56,ZAP. FLATS MUJER,5,SECTOR ZAPATO MUJER,zapatos,high,
559,Zap Mary Jane,56,ZAP. FLATS MUJER,5,SECTOR ZAPATO MUJER,zapatos,high,
560,Zap  Flats Abiertos,56,ZAP. FLATS MUJER,5,SECTOR ZAPATO MUJER,zapatos,high,
561,Zap Escolares,56,ZAP. FLATS MUJER,5,SECTOR ZAPATO MUJER,zapatos,high,
562,Zap Tipo TOMS,56,ZAP. FLATS MUJER,5,SECTOR ZAPATO MUJER,zapatos,high,
563,Zap Flats Jelly,56,ZAP. FLATS MUJER,5,SECTOR ZAPATO MUJER,zapatos,high,
564,Zapato Con Suela,56,ZAP. FLATS MUJER,5,SECTOR ZAPATO MUJER,zapatos,high,
565,Zap Pend Clasif,56,ZAP. FLATS MUJER,5,SECTOR ZAPATO MUJER,zapatos,high,
566,ZapTacon Alto 4Pulg,57,ZAP. TACON MUJER,5,SECTOR ZAPATO MUJER,zapatos,high,
567,Zap T/Med 2.5 a 4Pul,57,ZAP. TACON MUJER,5,SECTOR ZAPATO MUJER,zapatos,high,
568,Zap T/Baj 1a 2.5Pulg,57,ZAP. TACON MUJER,5,SECTOR ZAPATO MUJER,zapatos,high,
569, Zap T/clogs madera,57,ZAP. TACON MUJER,5,SECTOR ZAPATO MUJER,zapatos,high,
570,Zap Pend Clasificar,57,ZAP. TACON MUJER,5,SECTOR ZAPATO MUJER,zapatos,high,
571,Zap Pend Clasificar,57,ZAP. TACON MUJER,5,SECTOR ZAPATO MUJER,zapatos,high,
572,Zap TaconPend Clasif,57,ZAP. TACON MUJER,5,SECTOR ZAPATO MUJER,zapatos,high,
573,Zapatos Fiesta,57,ZAP. TACON MUJER,5,SECTOR ZAPATO MUJER,zapatos,high,
576,Zap Corrido Casual,58,ZAP. TACON CORRIDO M,5,SECTOR ZAPATO MUJER,zapatos,high,
577,Zap Espadrille,58,ZAP. TACON CORRIDO M,5,SECTOR ZAPATO MUJER,zapatos,high,
579,Zap Corrido Jelly,58,ZAP. TACON CORRIDO M,5,SECTOR ZAPATO MUJER,zapatos,high,
580,Sand  Espadrille,58,ZAP. TACON CORRIDO M,5,SECTOR ZAPATO MUJER,zapatos,high,
581,Zap pend nombrar,58,ZAP. TACON CORRIDO M,5,SECTOR ZAPATO MUJER,zapatos,high,
585,Sand Meter,59,SANDALIAS MUJER,5,SECTOR ZAPATO MUJER,zapatos,high,
586,Sand Meter Strap,59,SANDALIAS MUJER,5,SECTOR ZAPATO MUJER,zapatos,high,
587,Sanda Correas Altas,59,SANDALIAS MUJER,5,SECTOR ZAPATO MUJER,zapatos,high,
588,Sand Dedo,59,SANDALIAS MUJER,5,SECTOR ZAPATO MUJER,zapatos,high,
589,Chancletas Playa,59,SANDALIAS MUJER,5,SECTOR ZAPATO MUJER,zapatos,high,
590,Sandalias Jelly,59,SANDALIAS MUJER,5,SECTOR ZAPATO MUJER,zapatos,high,
591,Bota Alta,60,BOTAS MUJER,5,SECTOR ZAPATO MUJER,zapatos,high,
592,Bota Mediana,60,BOTAS MUJER,5,SECTOR ZAPATO MUJER,zapatos,high,
593,Botines Mujer,60,BOTAS MUJER,5,SECTOR ZAPATO MUJER,zapatos,high,
595,Zap Niña 0-24 Meses,61,ZAPATOS NIÑA,5,SECTOR ZAPATO MUJER,zapatos,high,
596,Zap Niña 3-8 Años,61,ZAPATOS NIÑA,5,SECTOR ZAPATO MUJER,zapatos,high,
597,Zap Niña 9-14 Años,61,ZAPATOS NIÑA,5,SECTOR ZAPATO MUJER,zapatos,high,
599,Pend Clasificacion,61,ZAPATOS NIÑA,5,SECTOR ZAPATO MUJER,zapatos,high,
630,Pant/Leggi niña,62,ROPA NIÑA,6,SECTOR ROPA MUJER,pantalones,high,
631,Jeans niña,62,ROPA NIÑA,6,SECTOR ROPA MUJER,pantalones,high,
632,Blusas niña,62,ROPA NIÑA,6,SECTOR ROPA MUJER,tops,high,
633,Falda y Vestido niña,62,ROPA NIÑA,6,SECTOR ROPA MUJER,vestidos,high,
634,SuetersyChumpa Niña,62,ROPA NIÑA,6,SECTOR ROPA MUJER,tops,high,
635,Accesorios Niña,62,ROPA NIÑA,6,SECTOR ROPA MUJER,accesorios,medium,REVIEW
636,Ropa Interior Niña,62,ROPA NIÑA,6,SECTOR ROPA MUJER,ropa_otros,high,
640,Pant Sup Skinny,63,PANTALON DE MUJER,6,SECTOR ROPA MUJER,pantalones,high,
641,Pantalon Skinny Muje,63,PANTALON DE MUJER,6,SECTOR ROPA MUJER,pantalones,high,
642,Pantalon Recto Mujer,63,PANTALON DE MUJER,6,SECTOR ROPA MUJER,pantalones,high,
643,Pantalon Campana Muj,63,PANTALON DE MUJER,6,SECTOR ROPA MUJER,pantalones,high,
644,Pantalon Ancho Mujer,63,PANTALON DE MUJER,6,SECTOR ROPA MUJER,pantalones,high,
645,NO USARrd Skinny Muj,63,PANTALON DE MUJER,6,SECTOR ROPA MUJER,pantalones,high,
646,NO USARrd Recto Muje,63,PANTALON DE MUJER,6,SECTOR ROPA MUJER,pantalones,high,
647,NO USARlor Skynny,63,PANTALON DE MUJER,6,SECTOR ROPA MUJER,pantalones,high,
648,NO USARlor Recto,63,PANTALON DE MUJER,6,SECTOR ROPA MUJER,pantalones,high,
649,Jeans Sup Skinny,64,JEANS MUJER,6,SECTOR ROPA MUJER,pantalones,high,
650,Jeans Skinny Mujer,64,JEANS MUJER,6,SECTOR ROPA MUJER,pantalones,high,
651,Jeans Recto Mujer,64,JEANS MUJER,6,SECTOR ROPA MUJER,pantalones,high,
652,Jeans Camp Mujer,64,JEANS MUJER,6,SECTOR ROPA MUJER,pantalones,high,
653,Jeans Ancho Mujer,64,JEANS MUJER,6,SECTOR ROPA MUJER,pantalones,high,
654,Legins Cortos Mujer,65,LEGINS MUJER,6,SECTOR ROPA MUJER,pantalones,high,
655,Legins Largos Mujer,65,LEGINS MUJER,6,SECTOR ROPA MUJER,pantalones,high,
656,Short Mujer,66,JUMPER-SHORT MUJER ,6,SECTOR ROPA MUJER,ropa_otros,high,
657,Capri Cadera Muj,66,JUMPER-SHORT MUJER ,6,SECTOR ROPA MUJER,ropa_otros,high,
658,Overoles Mujer,66,JUMPER-SHORT MUJER ,6,SECTOR ROPA MUJER,ropa_otros,high,
659,Jumper Damas,66,JUMPER-SHORT MUJER ,6,SECTOR ROPA MUJER,ropa_otros,high,
660,Buzos Mujer,66,JUMPER-SHORT MUJER ,6,SECTOR ROPA MUJER,ropa_otros,high,
662,Pant Aladino,66,JUMPER-SHORT MUJER ,6,SECTOR ROPA MUJER,ropa_otros,high,
665,Pendiente Clasificac,66,JUMPER-SHORT MUJER ,6,SECTOR ROPA MUJER,ropa_otros,high,
666,Pend Clasific,66,JUMPER-SHORT MUJER ,6,SECTOR ROPA MUJER,ropa_otros,high,
671,Pescador Jeans Dama,66,JUMPER-SHORT MUJER ,6,SECTOR ROPA MUJER,pantalones,high,
672,Pescador Mancha Dama,66,JUMPER-SHORT MUJER ,6,SECTOR ROPA MUJER,ropa_otros,high,
673,Pescador de Tela,66,JUMPER-SHORT MUJER ,6,SECTOR ROPA MUJER,ropa_otros,high,
674,Bermudas Dama,66,JUMPER-SHORT MUJER ,6,SECTOR ROPA MUJER,ropa_otros,high,
680,Blusa Casual M/A KIM,67,BLUSA CASUAL MUJER,6,SECTOR ROPA MUJER,tops,high,
681,Blusa Casual S\M Muj,67,BLUSA CASUAL MUJER,6,SECTOR ROPA MUJER,tops,high,
682,Blusa Casual 1 Hm Mj,67,BLUSA CASUAL MUJER,6,SECTOR ROPA MUJER,tops,high,
683,Blusa Casual M\MiniM,67,BLUSA CASUAL MUJER,6,SECTOR ROPA MUJER,tops,high,
684,Blusa Casual M\C Muj,67,BLUSA CASUAL MUJER,6,SECTOR ROPA MUJER,tops,high,
685,Blusas Casual M\3\4M,67,BLUSA CASUAL MUJER,6,SECTOR ROPA MUJER,tops,high,
686,Blusas Casual M\L Mu,67,BLUSA CASUAL MUJER,6,SECTOR ROPA MUJER,tops,high,
687,Blusa Fiesta Muj,67,BLUSA CASUAL MUJER,6,SECTOR ROPA MUJER,tops,high,
688,Blusa Tirante Mujer,67,BLUSA CASUAL MUJER,6,SECTOR ROPA MUJER,tops,high,
689,Blusa Top Mujer,67,BLUSA CASUAL MUJER,6,SECTOR ROPA MUJER,tops,high,
690,Boleros Mujer,67,BLUSA CASUAL MUJER,6,SECTOR ROPA MUJER,tops,high,
691,Blusa Casual Halter,67,BLUSA CASUAL MUJER,6,SECTOR ROPA MUJER,tops,high,
692,Blusa Leotardo Mujer,67,BLUSA CASUAL MUJER,6,SECTOR ROPA MUJER,tops,high,
693,Blusa Fiesta 1Hm Muj,68,BLUSA FIESTA MUJER,6,SECTOR ROPA MUJER,tops,high,
694,Blusa Fiesta M\Mini ,68,BLUSA FIESTA MUJER,6,SECTOR ROPA MUJER,tops,high,
695,Blusa Fiesta M\C Muj,68,BLUSA FIESTA MUJER,6,SECTOR ROPA MUJER,tops,high,
696,Blusa Fiesta M\L Muj,68,BLUSA FIESTA MUJER,6,SECTOR ROPA MUJER,tops,high,
697,Blusa Fiesta Tirante,68,BLUSA FIESTA MUJER,6,SECTOR ROPA MUJER,tops,high,
698,Blusa Fiesta TOP Muj,68,BLUSA FIESTA MUJER,6,SECTOR ROPA MUJER,tops,high,
699,Blusa Fiesta S\M Muj,68,BLUSA FIESTA MUJER,6,SECTOR ROPA MUJER,tops,high,
700,Camiseta Cuello V,69,BLUSA DEPORTIVA MUJE,6,SECTOR ROPA MUJER,tops,high,
701,TOP Centros Mujer,69,BLUSA DEPORTIVA MUJE,6,SECTOR ROPA MUJER,tops,high,
702,Camiseta Musculo Muj,69,BLUSA DEPORTIVA MUJE,6,SECTOR ROPA MUJER,tops,high,
703,Camiseta Dep.Tirante,69,BLUSA DEPORTIVA MUJE,6,SECTOR ROPA MUJER,tops,high,
704,Camiseta Polo Mujer,69,BLUSA DEPORTIVA MUJE,6,SECTOR ROPA MUJER,tops,high,
705,Camiseta Cuello O Mu,69,BLUSA DEPORTIVA MUJE,6,SECTOR ROPA MUJER,tops,high,
706,Blusa Tunica,69,BLUSA DEPORTIVA MUJE,6,SECTOR ROPA MUJER,tops,high,
707,Cupon Blusas,69,BLUSA DEPORTIVA MUJE,6,SECTOR ROPA MUJER,general,high,
711,Falda Mini,71,FALDA MUJER,6,SECTOR ROPA MUJER,ropa_otros,high,
712,Falda Rodilla,71,FALDA MUJER,6,SECTOR ROPA MUJER,ropa_otros,high,
713,Falda Larga,71,FALDA MUJER,6,SECTOR ROPA MUJER,ropa_otros,high,
714,Falda Jeans Mini,71,FALDA MUJER,6,SECTOR ROPA MUJER,pantalones,high,
715,Falda Jeans Rodilla,71,FALDA MUJER,6,SECTOR ROPA MUJER,pantalones,high,
716,Faldas Fiesta,71,FALDA MUJER,6,SECTOR ROPA MUJER,ropa_otros,high,
717,Falda Pantalon,71,FALDA MUJER,6,SECTOR ROPA MUJER,pantalones,high,
718,Falda Lapiz Mujer,71,FALDA MUJER,6,SECTOR ROPA MUJER,ropa_otros,high,
721,Traje conjunto Damas,72,TRAJES MUJER,6,SECTOR ROPA MUJER,suits,high,
722,Conjun BlusaPantalon,72,TRAJES MUJER,6,SECTOR ROPA MUJER,suits,high,
723,Conjun Chaquet Panta,72,TRAJES MUJER,6,SECTOR ROPA MUJER,suits,high,
724,Conjun Chaquet Falda,72,TRAJES MUJER,6,SECTOR ROPA MUJER,suits,high,
725,Conjun Blusa Falda,72,TRAJES MUJER,6,SECTOR ROPA MUJER,suits,high,
726,Conj Blusa Cardigan,72,TRAJES MUJER,6,SECTOR ROPA MUJER,suits,high,
727,Conj Blusa Sueter,72,TRAJES MUJER,6,SECTOR ROPA MUJER,suits,high,
728,Conjun Blusa Short,72,TRAJES MUJER,6,SECTOR ROPA MUJER,suits,high,
730,Vest Fiesta Largo,73,VESTIDOS MUJER,6,SECTOR ROPA MUJER,vestidos,high,
731,Vest Fiesta Rodilla ,73,VESTIDOS MUJER,6,SECTOR ROPA MUJER,vestidos,high,
732,Vest Fiesta Corto,73,VESTIDOS MUJER,6,SECTOR ROPA MUJER,vestidos,high,
733,Vest Formal Largo,73,VESTIDOS MUJER,6,SECTOR ROPA MUJER,vestidos,high,
734,Vest Formal Rodilla,73,VESTIDOS MUJER,6,SECTOR ROPA MUJER,vestidos,high,
735,Vest Formal Corto,73,VESTIDOS MUJER,6,SECTOR ROPA MUJER,vestidos,high,
736,Vest Casual Largo,73,VESTIDOS MUJER,6,SECTOR ROPA MUJER,vestidos,high,
737,Vest Casual Rodilla,73,VESTIDOS MUJER,6,SECTOR ROPA MUJER,vestidos,high,
738,Vest Casual Corto,73,VESTIDOS MUJER,6,SECTOR ROPA MUJER,vestidos,high,
739,Vest.Casual AbajoRod,73,VESTIDOS MUJER,6,SECTOR ROPA MUJER,vestidos,high,
741,Bata de Maternidad,74,MATERNIDAD,6,SECTOR ROPA MUJER,ropa_otros,high,
742,Conjunto Maternidad,74,MATERNIDAD,6,SECTOR ROPA MUJER,ropa_otros,high,
743,Falda Maternidad,74,MATERNIDAD,6,SECTOR ROPA MUJER,ropa_otros,high,
744,Pantalon Maternidad,74,MATERNIDAD,6,SECTOR ROPA MUJER,pantalones,high,
745,Short Maternidad,74,MATERNIDAD,6,SECTOR ROPA MUJER,ropa_otros,high,
746,Blusa Maternidad,74,MATERNIDAD,6,SECTOR ROPA MUJER,tops,high,
780,Salida de Baño Dama,77,TRAJE BAÑO MUJER,6,SECTOR ROPA MUJER,suits,high,
781,Traje de Baño 1P Dam,77,TRAJE BAÑO MUJER,6,SECTOR ROPA MUJER,suits,high,
782,Traje de baño Bikini,77,TRAJE BAÑO MUJER,6,SECTOR ROPA MUJER,suits,high,
783,Bikini Short,77,TRAJE BAÑO MUJER,6,SECTOR ROPA MUJER,suits,high,
784,Tan kini Short,77,TRAJE BAÑO MUJER,6,SECTOR ROPA MUJER,suits,high,
785,Tan Kini,77,TRAJE BAÑO MUJER,6,SECTOR ROPA MUJER,suits,high,
786,Monokini,77,TRAJE BAÑO MUJER,6,SECTOR ROPA MUJER,suits,high,
787,Traje de Baño 2PZ,77,TRAJE BAÑO MUJER,6,SECTOR ROPA MUJER,suits,high,
789,Traje,77,TRAJE BAÑO MUJER,6,SECTOR ROPA MUJER,suits,high,
793,Brazier,78,ROPA INTIMA MUJER,6,SECTOR ROPA MUJER,ropa_otros,high,
794,Blumer,78,ROPA INTIMA MUJER,6,SECTOR ROPA MUJER,ropa_otros,high,
795,Boxer de Mujer,78,ROPA INTIMA MUJER,6,SECTOR ROPA MUJER,ropa_otros,high,
797,Pijamas Gral Damas,78,ROPA INTIMA MUJER,6,SECTOR ROPA MUJER,ropa_otros,high,
798,Cupon Ropa Intima,78,ROPA INTIMA MUJER,6,SECTOR ROPA MUJER,general,high,
801,Sueter Mujer,79,SUETERES DE MUJER,6,SECTOR ROPA MUJER,tops,high,
802,Suerter Cardigan Muj,79,SUETERES DE MUJER,6,SECTOR ROPA MUJER,tops,high,
803,Cardigan Largo Muje,79,SUETERES DE MUJER,6,SECTOR ROPA MUJER,tops,high,
804,Sueter Centro Mujer,79,SUETERES DE MUJER,6,SECTOR ROPA MUJER,tops,high,
808,Sudaderas Mujer,79,SUETERES DE MUJER,6,SECTOR ROPA MUJER,tops,high,
810,Chaleco Tela Mujer,80,CHALECOS DE MUJER,6,SECTOR ROPA MUJER,jackets_outerwear,high,
811,Chaleco Impermiable,80,CHALECOS DE MUJER,6,SECTOR ROPA MUJER,jackets_outerwear,high,
812,Chaleco Abrigo Mujer,80,CHALECOS DE MUJER,6,SECTOR ROPA MUJER,jackets_outerwear,high,
815,Chumpa de Cuero Muje,81,CHUMPAS DE MUJER,6,SECTOR ROPA MUJER,jackets_outerwear,high,
816,Chumpa de Tela Mujer,81,CHUMPAS DE MUJER,6,SECTOR ROPA MUJER,jackets_outerwear,high,
817,Chumpa de Jean Mujer,81,CHUMPAS DE MUJER,6,SECTOR ROPA MUJER,jackets_outerwear,high,
821,Chumpa Mini,81,CHUMPAS DE MUJER,6,SECTOR ROPA MUJER,jackets_outerwear,high,
822,Chaqueta Formal,82,CHAQUETAS MUJER,6,SECTOR ROPA MUJER,jackets_outerwear,high,
823,Chaqueta Larga,82,CHAQUETAS MUJER,6,SECTOR ROPA MUJER,jackets_outerwear,high,
824,Chaqueta Manga 3/4,82,CHAQUETAS MUJER,6,SECTOR ROPA MUJER,jackets_outerwear,high,
825,Chaqueta Mujer,82,CHAQUETAS MUJER,6,SECTOR ROPA MUJER,jackets_outerwear,high,
831,Carteras Peq. Damas,83,CARTERAS MUJER,6,SECTOR ROPA MUJER,carteras,high,
832,Carteras Med. Damas,83,CARTERAS MUJER,6,SECTOR ROPA MUJER,carteras,high,
833,Carteras Gran. Damas,83,CARTERAS MUJER,6,SECTOR ROPA MUJER,carteras,high,
834,Carteras Moned Damas,83,CARTERAS MUJER,6,SECTOR ROPA MUJER,carteras,high,
836,Maletin Dama,83,CARTERAS MUJER,6,SECTOR ROPA MUJER,carteras,high,
837,Lonchera Damas,83,CARTERAS MUJER,6,SECTOR ROPA MUJER,carteras,high,
841,Carteras Cruzada,83,CARTERAS MUJER,6,SECTOR ROPA MUJER,carteras,high,
842,Porta Tarjetas Damas,83,CARTERAS MUJER,6,SECTOR ROPA MUJER,carteras,high,
843,Mochila Dama,83,CARTERAS MUJER,6,SECTOR ROPA MUJER,carteras,high,
844,Bolsos Playa,83,CARTERAS MUJER,6,SECTOR ROPA MUJER,carteras,high,
845,Maletas Mujer,83,CARTERAS MUJER,6,SECTOR ROPA MUJER,carteras,high,
849,Cupon Fajas Damas,84,FAJAS MUJER,6,SECTOR ROPA MUJER,general,high,
850,Fajon Damas,84,FAJAS MUJER,6,SECTOR ROPA MUJER,ropa_otros,high,
851,Fajas Gral Damas,84,FAJAS MUJER,6,SECTOR ROPA MUJER,ropa_otros,high,
852,Bufanda,85,ACCESORIOS DE VESTIR,6,SECTOR ROPA MUJER,accesorios,medium,REVIEW
853,Sombreros Mujer,85,ACCESORIOS DE VESTIR,6,SECTOR ROPA MUJER,accesorios,medium,REVIEW
854,Chales Gral Mujer,85,ACCESORIOS DE VESTIR,6,SECTOR ROPA MUJER,accesorios,medium,REVIEW
855,Gorras Mujer,85,ACCESORIOS DE VESTIR,6,SECTOR ROPA MUJER,accesorios,medium,REVIEW
856,Conj SombreroCartera,85,ACCESORIOS DE VESTIR,6,SECTOR ROPA MUJER,carteras,high,
857,Pañoletas Gral Damas,85,ACCESORIOS DE VESTIR,6,SECTOR ROPA MUJER,accesorios,medium,REVIEW
858,Medias Gral. Damas,85,ACCESORIOS DE VESTIR,6,SECTOR ROPA MUJER,ropa_otros,high,
859,Cupon Accesorio Vest,85,ACCESORIOS DE VESTIR,6,SECTOR ROPA MUJER,general,high,
860,Calcetines Gral Dama,85,ACCESORIOS DE VESTIR,6,SECTOR ROPA MUJER,ropa_otros,high,
861,Accesorios Mujer,86,ACCESORIO MUJER,6,SECTOR ROPA MUJER,accesorios,medium,REVIEW
862,Relojes Mujer,86,ACCESORIO MUJER,6,SECTOR ROPA MUJER,accesorios,medium,REVIEW
863,Pulceras Mujer,86,ACCESORIO MUJER,6,SECTOR ROPA MUJER,accesorios,medium,REVIEW
864,Collares Mujer,86,ACCESORIO MUJER,6,SECTOR ROPA MUJER,accesorios,medium,REVIEW
865,Gargantilla Mujer,86,ACCESORIO MUJER,6,SECTOR ROPA MUJER,accesorios,medium,REVIEW
866,Aritos Mujer,86,ACCESORIO MUJER,6,SECTOR ROPA MUJER,accesorios,medium,REVIEW
867,Diademas Mujer,86,ACCESORIO MUJER,6,SECTOR ROPA MUJER,accesorios,medium,REVIEW
868,Anillos Mujer,86,ACCESORIO MUJER,6,SECTOR ROPA MUJER,accesorios,medium,REVIEW
869,Conjunto Collar Muje,86,ACCESORIO MUJER,6,SECTOR ROPA MUJER,accesorios,medium,REVIEW
870,Llaveros Mujer,86,ACCESORIO MUJER,6,SECTOR ROPA MUJER,accesorios,medium,REVIEW
872,Ganchos Mujer,86,ACCESORIO MUJER,6,SECTOR ROPA MUJER,accesorios,medium,REVIEW
873,Caja de Lentes,86,ACCESORIO MUJER,6,SECTOR ROPA MUJER,accesorios,medium,REVIEW
874,Anteojos General,86,ACCESORIO MUJER,6,SECTOR ROPA MUJER,accesorios,medium,REVIEW
875,Sombr/Parag Mujer,86,ACCESORIO MUJER,6,SECTOR ROPA MUJER,accesorios,medium,REVIEW
876,Plantillas Damas,86,ACCESORIO MUJER,6,SECTOR ROPA MUJER,accesorios,medium,REVIEW
877,Cupon Accesorio Muje,86,ACCESORIO MUJER,6,SECTOR ROPA MUJER,general,high,
878,Cupon Accesorio Muje,86,ACCESORIO MUJER,6,SECTOR ROPA MUJER,general,high,
880,Maquillaje Mujer,88,MAQUILLAJE MUJER,6,SECTOR ROPA MUJER,general,high,
881,Lipstics,88,MAQUILLAJE MUJER,6,SECTOR ROPA MUJER,general,high,
882,Sombras,88,MAQUILLAJE MUJER,6,SECTOR ROPA MUJER,general,high,
883,Esmalte Uñas,88,MAQUILLAJE MUJER,6,SECTOR ROPA MUJER,general,high,
884,Brillo,88,MAQUILLAJE MUJER,6,SECTOR ROPA MUJER,general,high,
885,Tatuajes,88,MAQUILLAJE MUJER,6,SECTOR ROPA MUJER,general,high,
886,Lociones y Perfumes,88,MAQUILLAJE MUJER,6,SECTOR ROPA MUJER,general,high,
887,Cremas para Cuerpo,88,MAQUILLAJE MUJER,6,SECTOR ROPA MUJER,general,high,
888,Delineador para Dama,88,MAQUILLAJE MUJER,6,SECTOR ROPA MUJER,general,high,
900,Accesorios Para Hoga,90,HOGAR,7,SECTOR HOGAR,general,high,
903,Compras ELIZABETH L.,90,HOGAR,7,SECTOR HOGAR,general,high,
904,Materias Primas,90,HOGAR,7,SECTOR HOGAR,general,high,
905,Articulos Personales,90,HOGAR,7,SECTOR HOGAR,general,high,
906,Cuadros Pinturas,90,HOGAR,7,SECTOR HOGAR,general,high,
907,Mds Sin Clasificar,90,HOGAR,7,SECTOR HOGAR,general,high,
910,Zap Carpa Hom,91,CARPAS,8,SECTOR CARPA,general,high,
911,Cam Carpa Hombre,91,CARPAS,8,SECTOR CARPA,general,high,
912,Jeans carpa Hombre,91,CARPAS,8,SECTOR CARPA,general,high,
913,PANT CARPA HOMBRE,91,CARPAS,8,SECTOR CARPA,general,high,
914,VARIOS CARPA HOMBRE,91,CARPAS,8,SECTOR CARPA,general,high,
915,ZAP CARPA MUJER,91,CARPAS,8,SECTOR CARPA,general,high,
916,BLUSAS CARPA MUJER,91,CARPAS,8,SECTOR CARPA,general,high,
917,VEST CARPA MUJER,91,CARPAS,8,SECTOR CARPA,general,high,
918,JEANS CARPA MUJER,91,CARPAS,8,SECTOR CARPA,general,high,
919,FALDAS CARPA MUJER,91,CARPAS,8,SECTOR CARPA,general,high,
920,PANT CARPA MUJER,91,CARPAS,8,SECTOR CARPA,general,high,
921,VARIOS CARPA MUJER,91,CARPAS,8,SECTOR CARPA,general,high,
925,Cliente Frecuente,92,FIDELIZACION,9,SECTOR OPERACIONES,general,high,
926,Cupones de Descuento,92,FIDELIZACION,9,SECTOR OPERACIONES,general,high,
927,Caja de Regalo,93,CONSUMIBLES,9,SECTOR OPERACIONES,general,high,
928,Papel y cintas,93,CONSUMIBLES,9,SECTOR OPERACIONES,general,high,
929,Bolsas,93,CONSUMIBLES,9,SECTOR OPERACIONES,general,high,
930,Calzador,94,PUBLICIDAD,9,SECTOR OPERACIONES,general,high,
931,Publicidad,94,PUBLICIDAD,9,SECTOR OPERACIONES,general,high,
932,Cupones Estacionamie,94,PUBLICIDAD,9,SECTOR OPERACIONES,general,high,
938,Accesorios Display,95,INVENTARIO MOBILIARI,9,SECTOR OPERACIONES,general,high,
939,Sistema de Canalados,95,INVENTARIO MOBILIARI,9,SECTOR OPERACIONES,general,high,
940,Sistema de Rieles,95,INVENTARIO MOBILIARI,9,SECTOR OPERACIONES,general,high,
941,Vidrios y Espejos,95,INVENTARIO MOBILIARI,9,SECTOR OPERACIONES,general,high,
942,Percheros,95,INVENTARIO MOBILIARI,9,SECTOR OPERACIONES,general,high,
943,Paneles y Repisas,95,INVENTARIO MOBILIARI,9,SECTOR OPERACIONES,general,high,
944,Exhibidores,95,INVENTARIO MOBILIARI,9,SECTOR OPERACIONES,general,high,
945,Muebles,95,INVENTARIO MOBILIARI,9,SECTOR OPERACIONES,general,high,
946,Sillas y Butacas,95,INVENTARIO MOBILIARI,9,SECTOR OPERACIONES,general,high,
947,Maniquies Cab Parado,95,INVENTARIO MOBILIARI,9,SECTOR OPERACIONES,general,high,
948,Maniquies Cab Sentad,95,INVENTARIO MOBILIARI,9,SECTOR OPERACIONES,general,high,
949,Maniquies Dama Parad,95,INVENTARIO MOBILIARI,9,SECTOR OPERACIONES,general,high,
950,Maniquies Dama Senta,95,INVENTARIO MOBILIARI,9,SECTOR OPERACIONES,general,high,
951,Busto de Dama,95,INVENTARIO MOBILIARI,9,SECTOR OPERACIONES,general,high,
952,Busto Caballeros,95,INVENTARIO MOBILIARI,9,SECTOR OPERACIONES,general,high,
953,Brazos para Riel,95,INVENTARIO MOBILIARI,9,SECTOR OPERACIONES,general,high,
954,Brazos pared o panel,95,INVENTARIO MOBILIARI,9,SECTOR OPERACIONES,general,high,
955,Ganchos Blusas Camis,95,INVENTARIO MOBILIARI,9,SECTOR OPERACIONES,general,high,
956,Ganchos Faldas Pant,95,INVENTARIO MOBILIARI,9,SECTOR OPERACIONES,general,high,
957,Exhibidores Zapatos,95,INVENTARIO MOBILIARI,9,SECTOR OPERACIONES,general,high,
958,Utencilios Electrico,95,INVENTARIO MOBILIARI,9,SECTOR OPERACIONES,general,high,
959,Vitrinas,95,INVENTARIO MOBILIARI,9,SECTOR OPERACIONES,general,high,
960,Focos,96,INVENTARIO MAT ELECT,9,SECTOR OPERACIONES,general,high,
961,Balastros arrancador,96,INVENTARIO MAT ELECT,9,SECTOR OPERACIONES,general,high,
962,Lamparas,96,INVENTARIO MAT ELECT,9,SECTOR OPERACIONES,general,high,
963,Rieles,96,INVENTARIO MAT ELECT,9,SECTOR OPERACIONES,general,high,
964,Stops,96,INVENTARIO MAT ELECT,9,SECTOR OPERACIONES,general,high,
965,Timers,96,INVENTARIO MAT ELECT,9,SECTOR OPERACIONES,general,high,
966,Evaporadores,96,INVENTARIO MAT ELECT,9,SECTOR OPERACIONES,general,high,
967,Condensadores ,96,INVENTARIO MAT ELECT,9,SECTOR OPERACIONES,general,high,
968,Compresores,96,INVENTARIO MAT ELECT,9,SECTOR OPERACIONES,general,high,
969,Presotatos Aire acon,96,INVENTARIO MAT ELECT,9,SECTOR OPERACIONES,general,high,
970,Papeleria,,,,,general,high,
971,Material de Limpieza,,,,,general,high,
972,Toners,,,,,general,high,
973,Materiales Oficina,,,,,general,high,
974,Extintores,,,,,general,high,
975,Botiquin de Tienda,,,,,general,high,
976,Herramientas,,,,,general,high,
977,Trocos,,,,,general,high,
978,pisos,,,,,general,high,
979,adornos,,,,,general,high,
980,DVR,98,SISTEMAS,9,SECTOR OPERACIONES,general,high,
981,Camaras IP,98,SISTEMAS,9,SECTOR OPERACIONES,general,high,
982,Camaras DVR,98,SISTEMAS,9,SECTOR OPERACIONES,general,high,
983,Cpu y Laptops,98,SISTEMAS,9,SECTOR OPERACIONES,general,high,
984,Monitores Proyectore,98,SISTEMAS,9,SECTOR OPERACIONES,general,high,
985,Partes y Accesorios,98,SISTEMAS,9,SECTOR OPERACIONES,general,high,
986,Telefonos,98,SISTEMAS,9,SECTOR OPERACIONES,general,high,
987,Escaners,98,SISTEMAS,9,SECTOR OPERACIONES,general,high,
989,Cajas Fuertes Regist,98,SISTEMAS,9,SECTOR OPERACIONES,general,high,
990,Admon  Energia,98,SISTEMAS,9,SECTOR OPERACIONES,general,high,
991,Enlace de Datos,98,SISTEMAS,9,SECTOR OPERACIONES,general,high,
992,Audio,98,SISTEMAS,9,SECTOR OPERACIONES,general,high,
993,Pedestales y Tags,98,SISTEMAS,9,SECTOR OPERACIONES,general,high,
994,Equipo Fotografico,98,SISTEMAS,9,SECTOR OPERACIONES,general,high,
995,Flota Vehicular,98,SISTEMAS,9,SECTOR OPERACIONES,general,high,
999,Sin Clasificar,99,SIN CLASIFICAR,9,SECTOR OPERACIONES,general,high,
